vin_1_10,county,city,state,zip_code,model_year,make,model,ev_type,cafv_type,electric_range,legislative_district,dol_vehicle_id,geocoded_column,electric_utility,_2020_census_tract
1G1FZ6EV5V,King,Seattle,WA,98103,2027,CHEVROLET,BOLT,Battery Electric Vehicle (BEV),Eligibility unknown as battery range has not been researched,0,36,289953786,"{'type': 'Point', 'coordinates': [-122.35436, 47.67596]}",CITY OF SEATTLE - (WA)|CITY OF TACOMA - (WA),53033001701
1G1FY6EV2V,Whatcom,Lynden,WA,98264,2027,CHEVROLET,BOLT,Battery Electric Vehicle (BEV),Eligibility unknown as battery range has not been researched,0,42,291307593,"{'type': 'Point', 'coordinates': [-122.45051, 48.94298]}",PUGET SOUND ENERGY INC||PUD NO 1 OF WHATCOM COUNTY,53073010303
1G1FY6EV2V,Benton,Kennewick,WA,99336,2027,CHEVROLET,BOLT,Battery Electric Vehicle (BEV),Eligibility unknown as battery range has not been researched,0,8,290821905,"{'type': 'Point', 'coordinates': [-119.11698, 46.20837]}",BONNEVILLE POWER ADMINISTRATION||PUD NO 1 OF BENTON COUNTY,53005010902
1G1FZ6EV0V,Snohomish,Bothell,WA,98021,2027,CHEVROLET,BOLT,Battery Electric Vehicle (BEV),Eligibility unknown as battery range has not been researched,0,1,292094673,"{'type': 'Point', 'coordinates': [-122.18384, 47.8031]}",PUGET SOUND ENERGY INC,53061051917
1G1FZ6EV7V,King,Seattle,WA,98122,2027,CHEVROLET,BOLT,Battery Electric Vehicle (BEV),Eligibility unknown as battery range has not been researched,0,37,292541966,"{'type': 'Point', 'coordinates': [-122.31009, 47.60803]}",CITY OF SEATTLE - (WA)|CITY OF TACOMA - (WA),53033007800
WA1C5BGF8V,Clark,Ridgefield,WA,98642,2027,AUDI,SQ6,Battery Electric Vehicle (BEV),Eligibility unknown as battery range has not been researched,0,18,293530268,"{'type': 'Point', 'coordinates': [-122.74595, 45.81539]}",BONNEVILLE POWER ADMINISTRATION||PUD NO 1 OF CLARK COUNTY - (WA),53011040303
1G1FZ6EV9V,King,Kirkland,WA,98033,2027,CHEVROLET,BOLT,Battery Electric Vehicle (BEV),Eligibility unknown as battery range has not been researched,0,48,293944626,"{'type': 'Point', 'coordinates': [-122.2066, 47.67887]}",PUGET SOUND ENERGY INC||CITY OF TACOMA - (WA),53033022501
1G1FZ6EV6V,San Juan,Friday Harbor,WA,98250,2027,CHEVROLET,BOLT,Battery Electric Vehicle (BEV),Eligibility unknown as battery range has not been researched,0,40,291204462,"{'type': 'Point', 'coordinates': [-123.01648, 48.53448]}",BONNEVILLE POWER ADMINISTRATION||ORCAS POWER & LIGHT COOP,53055960400
1G1FZ6EV4V,Chelan,Chelan,WA,98816,2027,CHEVROLET,BOLT,Battery Electric Vehicle (BEV),Eligibility unknown as battery range has not been researched,0,12,292416862,"{'type': 'Point', 'coordinates': [-120.01454, 47.83985]}",PUD NO 1 OF CHELAN COUNTY,53007960301
WA125BGF8V,Pierce,Gig Harbor,WA,98332,2027,AUDI,SQ6,Battery Electric Vehicle (BEV),Eligibility unknown as battery range has not been researched,0,26,292581747,"{'type': 'Point', 'coordinates': [-122.58965, 47.34235]}",BONNEVILLE POWER ADMINISTRATION||CITY OF TACOMA - (WA)||PENINSULA LIGHT COMPANY,53053072504
1G1FZ6EV9V,Mason,Shelton,WA,98584,2027,CHEVROLET,BOLT,Battery Electric Vehicle (BEV),Eligibility unknown as battery range has not been researched,0,35,291199632,"{'type': 'Point', 'coordinates': [-123.10616, 47.21253]}",BONNEVILLE POWER ADMINISTRATION||CITY OF TACOMA - (WA)||PUD NO 3 OF MASON COUNTY,53045961000
1G1FZ6EV0V,Grays Harbor,Copalis Beach,WA,98535,2027,CHEVROLET,BOLT,Battery Electric Vehicle (BEV),Eligibility unknown as battery range has not been researched,0,24,291794338,"{'type': 'Point', 'coordinates': [-124.16705, 47.11487]}",BONNEVILLE POWER ADMINISTRATION||PUD NO 1 OF GRAYS HARBOR COUNTY,53027000202
1G1FY6EV8V,Pierce,Dupont,WA,98327,2027,CHEVROLET,BOLT,Battery Electric Vehicle (BEV),Eligibility unknown as battery range has not been researched,0,28,292807259,"{'type': 'Point', 'coordinates': [-122.62954, 47.09583]}",PUGET SOUND ENERGY INC||CITY OF TACOMA - (WA),53053072802
WBY33HG06V,Douglas,Orondo,WA,98843,2027,BMW,I5,Battery Electric Vehicle (BEV),Eligibility unknown as battery range has not been researched,0,12,293914232,"{'type': 'Point', 'coordinates': [-120.22795, 47.62353]}",PUD NO 1 OF DOUGLAS COUNTY,53017950101
1G1FY6EV0V,Snohomish,Bothell,WA,98021,2027,CHEVROLET,BOLT,Battery Electric Vehicle (BEV),Eligibility unknown as battery range has not been researched,0,1,293782534,"{'type': 'Point', 'coordinates': [-122.18384, 47.8031]}",PUGET SOUND ENERGY INC,53061051916
1G1FZ6EV1V,Whatcom,Blaine,WA,98230,2027,CHEVROLET,BOLT,Battery Electric Vehicle (BEV),Eligibility unknown as battery range has not been researched,0,42,292088674,"{'type': 'Point', 'coordinates': [-122.74823, 48.99405]}",PUGET SOUND ENERGY INC||PUD NO 1 OF WHATCOM COUNTY,53073010405
1G1FY6EVXV,Snohomish,Edmonds,WA,98020,2027,CHEVROLET,BOLT,Battery Electric Vehicle (BEV),Eligibility unknown as battery range has not been researched,0,32,293095057,"{'type': 'Point', 'coordinates': [-122.37695, 47.81113]}",PUGET SOUND ENERGY INC,53061050800
1G1FY6EV4V,Pierce,Lake Tapps,WA,98391,2027,CHEVROLET,BOLT,Battery Electric Vehicle (BEV),Eligibility unknown as battery range has not been researched,0,31,295809440,"{'type': 'Point', 'coordinates': [-122.17144, 47.19175]}",PUGET SOUND ENERGY INC||CITY OF TACOMA - (WA),53053070313
1G1FY6EV8V,King,Fall City,WA,98024,2027,CHEVROLET,BOLT,Battery Electric Vehicle (BEV),Eligibility unknown as battery range has not been researched,0,5,293862642,"{'type': 'Point', 'coordinates': [-121.89086, 47.56812]}",PUGET SOUND ENERGY INC||CITY OF TACOMA - (WA),53033032605
WBS83FK00V,Benton,Richland,WA,99352,2027,BMW,M5,Plug-in Hybrid Electric Vehicle (PHEV),Not eligible due to low battery range,25,8,292331721,"{'type': 'Point', 'coordinates': [-119.27372, 46.27391]}",BONNEVILLE POWER ADMINISTRATION||CITY OF RICHLAND - (WA),53005010811
1G1FY6EV2V,Snohomish,Snohomish,WA,98290,2027,CHEVROLET,BOLT,Battery Electric Vehicle (BEV),Eligibility unknown as battery range has not been researched,0,39,292789941,"{'type': 'Point', 'coordinates': [-122.09305, 47.91265]}",BONNEVILLE POWER ADMINISTRATION||PUD 1 OF SNOHOMISH COUNTY,53061053605
1G1FZ6EVXV,Pierce,University Place,WA,98467,2027,CHEVROLET,BOLT,Battery Electric Vehicle (BEV),Eligibility unknown as battery range has not been researched,0,28,290726509,"{'type': 'Point', 'coordinates': [-122.50669, 47.20313]}",BONNEVILLE POWER ADMINISTRATION||CITY OF TACOMA - (WA)||PENINSULA LIGHT COMPANY,53053072312
1G1FZ6EV5V,Pierce,Tacoma,WA,98403,2027,CHEVROLET,BOLT,Battery Electric Vehicle (BEV),Eligibility unknown as battery range has not been researched,0,27,290722253,"{'type': 'Point', 'coordinates': [-122.45782, 47.26541]}",BONNEVILLE POWER ADMINISTRATION||CITY OF TACOMA - (WA)||PENINSULA LIGHT COMPANY,53053060600
1G1FZ6EV3V,Spokane,Spokane Valley,WA,99206,2027,CHEVROLET,BOLT,Battery Electric Vehicle (BEV),Eligibility unknown as battery range has not been researched,0,4,292092916,"{'type': 'Point', 'coordinates': [-117.24781, 47.63516]}",BONNEVILLE POWER ADMINISTRATION||VERA IRRIGATION DISTRICT #15,53063011900
1G1FY6EV1V,Pierce,Edgewood,WA,98372,2027,CHEVROLET,BOLT,Battery Electric Vehicle (BEV),Eligibility unknown as battery range has not been researched,0,31,294296929,"{'type': 'Point', 'coordinates': [-122.25646, 47.21259]}",PUGET SOUND ENERGY INC||CITY OF TACOMA - (WA),53053073502
1G1FY6EV7V,Skagit,Anacortes,WA,98221,2027,CHEVROLET,BOLT,Battery Electric Vehicle (BEV),Eligibility unknown as battery range has not been researched,0,40,291464554,"{'type': 'Point', 'coordinates': [-122.61216, 48.51749]}",PUGET SOUND ENERGY INC,53057940402
1G1FY6EVXV,Pierce,Lakebay,WA,98349,2027,CHEVROLET,BOLT,Battery Electric Vehicle (BEV),Eligibility unknown as battery range has not been researched,0,26,291240568,"{'type': 'Point', 'coordinates': [-122.75746, 47.25124]}",BONNEVILLE POWER ADMINISTRATION||CITY OF TACOMA - (WA)||PENINSULA LIGHT COMPANY,53053072603
1G1FY6EV1V,San Juan,Friday Harbor,WA,98250,2027,CHEVROLET,BOLT,Battery Electric Vehicle (BEV),Eligibility unknown as battery range has not been researched,0,40,289518295,"{'type': 'Point', 'coordinates': [-123.01648, 48.53448]}",BONNEVILLE POWER ADMINISTRATION||ORCAS POWER & LIGHT COOP,53055960400
1G1FZ6EV2V,Pierce,Bonney Lake,WA,98391,2027,CHEVROLET,BOLT,Battery Electric Vehicle (BEV),Eligibility unknown as battery range has not been researched,0,31,292514274,"{'type': 'Point', 'coordinates': [-122.17144, 47.19175]}",PUGET SOUND ENERGY INC||CITY OF TACOMA - (WA),53053070310
1G1FY6EV0V,Pierce,Gig Harbor,WA,98329,2027,CHEVROLET,BOLT,Battery Electric Vehicle (BEV),Eligibility unknown as battery range has not been researched,0,26,292253503,"{'type': 'Point', 'coordinates': [-122.6658, 47.38336]}",BONNEVILLE POWER ADMINISTRATION||CITY OF TACOMA - (WA)||PENINSULA LIGHT COMPANY,53053072503
1G1FY6EV8V,Walla Walla,Walla Walla,WA,99362,2027,CHEVROLET,BOLT,Battery Electric Vehicle (BEV),Eligibility unknown as battery range has not been researched,0,16,291087611,"{'type': 'Point', 'coordinates': [-118.34261, 46.07068]}",PACIFICORP,53071920702
1G1FY6EV1V,Snohomish,Bothell,WA,98021,2027,CHEVROLET,BOLT,Battery Electric Vehicle (BEV),Eligibility unknown as battery range has not been researched,0,1,294955608,"{'type': 'Point', 'coordinates': [-122.18384, 47.8031]}",PUGET SOUND ENERGY INC,53061051913
1G1FY6EV4V,Mason,Belfair,WA,98528,2027,CHEVROLET,BOLT,Battery Electric Vehicle (BEV),Eligibility unknown as battery range has not been researched,0,35,290085393,"{'type': 'Point', 'coordinates': [-122.82762, 47.45056]}",BONNEVILLE POWER ADMINISTRATION||CITY OF TACOMA - (WA)||PUD NO 3 OF MASON COUNTY,53045960301
1G1FY6EV2V,King,Vashon,WA,98070,2027,CHEVROLET,BOLT,Battery Electric Vehicle (BEV),Eligibility unknown as battery range has not been researched,0,34,292778965,"{'type': 'Point', 'coordinates': [-122.4573, 47.44929]}",PUGET SOUND ENERGY INC||CITY OF TACOMA - (WA),53033027701
1G1FY6EV4V,Kitsap,Port Orchard,WA,98367,2027,CHEVROLET,BOLT,Battery Electric Vehicle (BEV),Eligibility unknown as battery range has not been researched,0,35,292341801,"{'type': 'Point', 'coordinates': [-122.68516, 47.50645]}",PUGET SOUND ENERGY INC,53035092101
1G1FZ6EV5V,King,North Bend,WA,98045,2027,CHEVROLET,BOLT,Battery Electric Vehicle (BEV),Eligibility unknown as battery range has not been researched,0,5,292687363,"{'type': 'Point', 'coordinates': [-121.7831, 47.49348]}",PUGET SOUND ENERGY INC||CITY OF TACOMA - (WA),53033032705
1G1FY6EV0V,Walla Walla,Walla Walla,WA,99362,2027,CHEVROLET,BOLT,Battery Electric Vehicle (BEV),Eligibility unknown as battery range has not been researched,0,16,291916796,"{'type': 'Point', 'coordinates': [-118.34261, 46.07068]}",PACIFICORP,53071920902
1G1FZ6EV1V,Whatcom,Bellingham,WA,98226,2027,CHEVROLET,BOLT,Battery Electric Vehicle (BEV),Eligibility unknown as battery range has not been researched,0,42,289706014,"{'type': 'Point', 'coordinates': [-122.49756, 48.7999]}",PUGET SOUND ENERGY INC||PUD NO 1 OF WHATCOM COUNTY,53073000202
1G1FY6EV6V,Island,Camano Island,WA,98282,2027,CHEVROLET,BOLT,Battery Electric Vehicle (BEV),Eligibility unknown as battery range has not been researched,0,10,294341057,"{'type': 'Point', 'coordinates': [-122.40049, 48.23986]}",BONNEVILLE POWER ADMINISTRATION||PUD 1 OF SNOHOMISH COUNTY,53029971700
1G1FY6EV7V,King,Seattle,WA,98104,2027,CHEVROLET,BOLT,Battery Electric Vehicle (BEV),Eligibility unknown as battery range has not been researched,0,37,292541931,"{'type': 'Point', 'coordinates': [-122.32945, 47.60357]}",CITY OF SEATTLE - (WA)|CITY OF TACOMA - (WA),53033009200
1G1FY6EV9V,Pierce,South Hill,WA,98375,2027,CHEVROLET,BOLT,Battery Electric Vehicle (BEV),Eligibility unknown as battery range has not been researched,0,25,291146047,"{'type': 'Point', 'coordinates': [-122.30855, 47.10424]}",BONNEVILLE POWER ADMINISTRATION||CITY OF TACOMA - (WA)||ELMHURST MUTUAL POWER & LIGHT CO|PENINSULA LIGHT COMPANY,53053073120
1G1FY6EV4V,Pierce,Tacoma,WA,98403,2027,CHEVROLET,BOLT,Battery Electric Vehicle (BEV),Eligibility unknown as battery range has not been researched,0,27,290183155,"{'type': 'Point', 'coordinates': [-122.45782, 47.26541]}",BONNEVILLE POWER ADMINISTRATION||CITY OF TACOMA - (WA)||PENINSULA LIGHT COMPANY,53053060600
1G1FY6EV1V,Spokane,Spokane,WA,99208,2027,CHEVROLET,BOLT,Battery Electric Vehicle (BEV),Eligibility unknown as battery range has not been researched,0,6,291905050,"{'type': 'Point', 'coordinates': [-117.45005, 47.7333]}",BONNEVILLE POWER ADMINISTRATION||AVISTA CORP||INLAND POWER & LIGHT COMPANY,53063010603
7PD2EAAB4V,Snohomish,Mukilteo,WA,98275,2027,RIVIAN,R2,Battery Electric Vehicle (BEV),Eligibility unknown as battery range has not been researched,0,21,293919538,"{'type': 'Point', 'coordinates': [-122.29196, 47.89908]}",PUGET SOUND ENERGY INC,53061041301
1G1FZ6EV0V,Whatcom,Bellingham,WA,98226,2027,CHEVROLET,BOLT,Battery Electric Vehicle (BEV),Eligibility unknown as battery range has not been researched,0,42,292962575,"{'type': 'Point', 'coordinates': [-122.49756, 48.7999]}",PUGET SOUND ENERGY INC||PUD NO 1 OF WHATCOM COUNTY,53073000203
1G1FZ6EV9V,Pierce,Lakewood,WA,98498,2027,CHEVROLET,BOLT,Battery Electric Vehicle (BEV),Eligibility unknown as battery range has not been researched,0,28,292046044,"{'type': 'Point', 'coordinates': [-122.54764, 47.17669]}",PUGET SOUND ENERGY INC||CITY OF TACOMA - (WA),53053072108
1G1FY6EV0V,Snohomish,Everett,WA,98208,2027,CHEVROLET,BOLT,Battery Electric Vehicle (BEV),Eligibility unknown as battery range has not been researched,0,21,291817592,"{'type': 'Point', 'coordinates': [-122.18637, 47.89251]}",PUGET SOUND ENERGY INC,53061041814
WA125BGF8V,Pierce,Bonney Lake,WA,98391,2027,AUDI,SQ6,Battery Electric Vehicle (BEV),Eligibility unknown as battery range has not been researched,0,31,294712519,"{'type': 'Point', 'coordinates': [-122.17144, 47.19175]}",PUGET SOUND ENERGY INC||CITY OF TACOMA - (WA),53053070208
7PD2EAAB7V,King,Renton,WA,98059,2027,RIVIAN,R2,Battery Electric Vehicle (BEV),Eligibility unknown as battery range has not been researched,0,11,293866982,"{'type': 'Point', 'coordinates': [-122.11589, 47.50243]}",PUGET SOUND ENERGY INC||CITY OF TACOMA - (WA),53033031913
1G1FY6EV1V,Snohomish,Marysville,WA,98270,2027,CHEVROLET,BOLT,Battery Electric Vehicle (BEV),Eligibility unknown as battery range has not been researched,0,38,293171805,"{'type': 'Point', 'coordinates': [-122.1769, 48.06114]}",PUGET SOUND ENERGY INC,53061052810
WBS83GV00V,Snohomish,Bothell,WA,98021,2027,BMW,M5,Plug-in Hybrid Electric Vehicle (PHEV),Not eligible due to low battery range,25,1,292412879,"{'type': 'Point', 'coordinates': [-122.18384, 47.8031]}",PUGET SOUND ENERGY INC,53061051916
1G1FY6EV7V,Jefferson,Quilcene,WA,98376,2027,CHEVROLET,BOLT,Battery Electric Vehicle (BEV),Eligibility unknown as battery range has not been researched,0,24,291380477,"{'type': 'Point', 'coordinates': [-122.8775, 47.82642]}",BONNEVILLE POWER ADMINISTRATION||PUGET SOUND ENERGY INC||PUD NO 1 OF JEFFERSON COUNTY,53031950202
1G1FY6EV6V,Snohomish,Snohomish,WA,98290,2027,CHEVROLET,BOLT,Battery Electric Vehicle (BEV),Eligibility unknown as battery range has not been researched,0,44,292480513,"{'type': 'Point', 'coordinates': [-122.09305, 47.91265]}",PUGET SOUND ENERGY INC,53061052502
1G1FZ6EV6V,Snohomish,Arlington,WA,98223,2027,CHEVROLET,BOLT,Battery Electric Vehicle (BEV),Eligibility unknown as battery range has not been researched,0,39,291348270,"{'type': 'Point', 'coordinates': [-122.1264, 48.19471]}",BONNEVILLE POWER ADMINISTRATION||PUD 1 OF SNOHOMISH COUNTY,53061053510
1G1FZ6EV3V,Whatcom,Bellingham,WA,98226,2027,CHEVROLET,BOLT,Battery Electric Vehicle (BEV),Eligibility unknown as battery range has not been researched,0,42,291061676,"{'type': 'Point', 'coordinates': [-122.49756, 48.7999]}",PUGET SOUND ENERGY INC||PUD NO 1 OF WHATCOM COUNTY,53073000102
1G1FZ6EV5V,King,Seattle,WA,98126,2027,CHEVROLET,BOLT,Battery Electric Vehicle (BEV),Eligibility unknown as battery range has not been researched,0,34,289688752,"{'type': 'Point', 'coordinates': [-122.36893, 47.54701]}",CITY OF SEATTLE - (WA)|CITY OF TACOMA - (WA),53033010601
7PD2EAAB0V,King,Tukwila,WA,98168,2027,RIVIAN,R2,Battery Electric Vehicle (BEV),Eligibility unknown as battery range has not been researched,0,11,294287717,"{'type': 'Point', 'coordinates': [-122.29411, 47.48924]}",CITY OF SEATTLE - (WA)|CITY OF TACOMA - (WA),53033026300
7PD2EAAB9V,King,Tukwila,WA,98168,2027,RIVIAN,R2,Battery Electric Vehicle (BEV),Eligibility unknown as battery range has not been researched,0,11,293917256,"{'type': 'Point', 'coordinates': [-122.29411, 47.48924]}",CITY OF SEATTLE - (WA)|CITY OF TACOMA - (WA),53033026300
1G1FY6EV0V,Clallam,Port Angeles,WA,98362,2027,CHEVROLET,BOLT,Battery Electric Vehicle (BEV),Eligibility unknown as battery range has not been researched,0,24,291561945,"{'type': 'Point', 'coordinates': [-123.43112, 48.11892]}",BONNEVILLE POWER ADMINISTRATION||CITY OF PORT ANGELES - (WA),53009001000
1G1FZ6EV3V,King,Enumclaw,WA,98022,2027,CHEVROLET,BOLT,Battery Electric Vehicle (BEV),Eligibility unknown as battery range has not been researched,0,31,289790287,"{'type': 'Point', 'coordinates': [-121.99136, 47.20433]}",PUGET SOUND ENERGY INC||CITY OF TACOMA - (WA),53033031302
7PD2EAAB7V,King,Tukwila,WA,98168,2027,RIVIAN,R2,Battery Electric Vehicle (BEV),Eligibility unknown as battery range has not been researched,0,11,294063773,"{'type': 'Point', 'coordinates': [-122.29411, 47.48924]}",CITY OF SEATTLE - (WA)|CITY OF TACOMA - (WA),53033026300
WA154BGF5V,King,Bellevue,WA,98007,2027,AUDI,Q6,Battery Electric Vehicle (BEV),Eligibility unknown as battery range has not been researched,0,48,291348641,"{'type': 'Point', 'coordinates': [-122.12056, 47.61334]}",PUGET SOUND ENERGY INC||CITY OF TACOMA - (WA),53033023603
WA154BGF2V,Whatcom,Blaine,WA,98230,2027,AUDI,Q6,Battery Electric Vehicle (BEV),Eligibility unknown as battery range has not been researched,0,42,295794628,"{'type': 'Point', 'coordinates': [-122.74823, 48.99405]}",PUGET SOUND ENERGY INC||PUD NO 1 OF WHATCOM COUNTY,53073010405
1G1FY6EV1V,Clark,Vancouver,WA,98686,2027,CHEVROLET,BOLT,Battery Electric Vehicle (BEV),Eligibility unknown as battery range has not been researched,0,17,295800200,"{'type': 'Point', 'coordinates': [-122.62731, 45.71668]}",BONNEVILLE POWER ADMINISTRATION||PUD NO 1 OF CLARK COUNTY - (WA),53011040403
1G1FY6EV9V,Grays Harbor,Montesano,WA,98563,2027,CHEVROLET,BOLT,Battery Electric Vehicle (BEV),Eligibility unknown as battery range has not been researched,0,24,293082597,"{'type': 'Point', 'coordinates': [-123.60076, 46.98384]}",BONNEVILLE POWER ADMINISTRATION||PUD NO 1 OF GRAYS HARBOR COUNTY,53027000401
1G1FY6EV5V,Adams,Ritzville,WA,99169,2027,CHEVROLET,BOLT,Battery Electric Vehicle (BEV),Eligibility unknown as battery range has not been researched,0,9,293348821,"{'type': 'Point', 'coordinates': [-118.37977, 47.1274]}","BONNEVILLE POWER ADMINISTRATION||AVISTA CORP||BIG BEND ELECTRIC COOP, INC",53001950100
7PD2EAAB5V,Snohomish,Bothell,WA,98012,2027,RIVIAN,R2,Battery Electric Vehicle (BEV),Eligibility unknown as battery range has not been researched,0,1,294095077,"{'type': 'Point', 'coordinates': [-122.20105, 47.84423]}",PUGET SOUND ENERGY INC,53061051933
1G1FZ6EV2V,Snohomish,Lake Stevens,WA,98258,2027,CHEVROLET,BOLT,Battery Electric Vehicle (BEV),Eligibility unknown as battery range has not been researched,0,44,292627380,"{'type': 'Point', 'coordinates': [-122.06402, 48.01497]}",PUGET SOUND ENERGY INC,53061052505
1G1FY6EV7V,Clallam,Port Angeles,WA,98363,2027,CHEVROLET,BOLT,Battery Electric Vehicle (BEV),Eligibility unknown as battery range has not been researched,0,24,294267753,"{'type': 'Point', 'coordinates': [-123.46101, 48.11892]}",BONNEVILLE POWER ADMINISTRATION||PUD NO 1 OF CLALLAM COUNTY,53009000600
1G1FY6EV3V,Whatcom,Lynden,WA,98264,2027,CHEVROLET,BOLT,Battery Electric Vehicle (BEV),Eligibility unknown as battery range has not been researched,0,42,290360577,"{'type': 'Point', 'coordinates': [-122.45051, 48.94298]}",PUGET SOUND ENERGY INC||PUD NO 1 OF WHATCOM COUNTY,53073010301
1G1FZ6EV3V,King,Seattle,WA,98116,2027,CHEVROLET,BOLT,Battery Electric Vehicle (BEV),Eligibility unknown as battery range has not been researched,0,34,289518330,"{'type': 'Point', 'coordinates': [-122.41067, 47.57894]}",CITY OF SEATTLE - (WA)|CITY OF TACOMA - (WA),53033009701
1G1FZ6EV4V,King,Seattle,WA,98103,2027,CHEVROLET,BOLT,Battery Electric Vehicle (BEV),Eligibility unknown as battery range has not been researched,0,36,289971251,"{'type': 'Point', 'coordinates': [-122.35436, 47.67596]}",CITY OF SEATTLE - (WA)|CITY OF TACOMA - (WA),53033001800
1G1FY6EV2V,King,Vashon,WA,98070,2027,CHEVROLET,BOLT,Battery Electric Vehicle (BEV),Eligibility unknown as battery range has not been researched,0,34,292717099,"{'type': 'Point', 'coordinates': [-122.4573, 47.44929]}",PUGET SOUND ENERGY INC||CITY OF TACOMA - (WA),53033027701
1G1FZ6EV3V,Benton,West Richland,WA,99353,2027,CHEVROLET,BOLT,Battery Electric Vehicle (BEV),Eligibility unknown as battery range has not been researched,0,8,293715418,"{'type': 'Point', 'coordinates': [-119.33836, 46.29696]}",BONNEVILLE POWER ADMINISTRATION||PUD NO 1 OF BENTON COUNTY,53005010703
1G1FZ6EV2V,Pierce,Gig Harbor,WA,98335,2027,CHEVROLET,BOLT,Battery Electric Vehicle (BEV),Eligibility unknown as battery range has not been researched,0,26,290716128,"{'type': 'Point', 'coordinates': [-122.58009, 47.328]}",BONNEVILLE POWER ADMINISTRATION||CITY OF TACOMA - (WA)||PENINSULA LIGHT COMPANY,53053072405
1G1FY6EV9V,Kitsap,Bremerton,WA,98312,2027,CHEVROLET,BOLT,Battery Electric Vehicle (BEV),Eligibility unknown as battery range has not been researched,0,35,290976017,"{'type': 'Point', 'coordinates': [-122.65223, 47.57192]}",PUGET SOUND ENERGY INC,53035092102
1G1FY6EV4V,Snohomish,Marysville,WA,98270,2027,CHEVROLET,BOLT,Battery Electric Vehicle (BEV),Eligibility unknown as battery range has not been researched,0,38,292181746,"{'type': 'Point', 'coordinates': [-122.1769, 48.06114]}",PUGET SOUND ENERGY INC,53061052905
WA125BGF6V,King,North Bend,WA,98045,2027,AUDI,SQ6,Battery Electric Vehicle (BEV),Eligibility unknown as battery range has not been researched,0,5,292958151,"{'type': 'Point', 'coordinates': [-121.7831, 47.49348]}",PUGET SOUND ENERGY INC||CITY OF TACOMA - (WA),53033032704
1G1FY6EV6V,Clallam,Port Angeles,WA,98363,2027,CHEVROLET,BOLT,Battery Electric Vehicle (BEV),Eligibility unknown as battery range has not been researched,0,24,293320016,"{'type': 'Point', 'coordinates': [-123.46101, 48.11892]}",BONNEVILLE POWER ADMINISTRATION||CITY OF PORT ANGELES - (WA),53009000800
WA154BGF9V,Kitsap,Bremerton,WA,98312,2027,AUDI,Q6,Battery Electric Vehicle (BEV),Eligibility unknown as battery range has not been researched,0,35,292426410,"{'type': 'Point', 'coordinates': [-122.65223, 47.57192]}",PUGET SOUND ENERGY INC,53035091302
1G1FY6EV1V,Whatcom,Marblemount,WA,98267,2027,CHEVROLET,BOLT,Battery Electric Vehicle (BEV),Eligibility unknown as battery range has not been researched,0,42,293642338,"{'type': 'Point', 'coordinates': [-121.41604, 48.52739]}",PUGET SOUND ENERGY INC||PUD NO 1 OF WHATCOM COUNTY,53073010103
1G1FZ6EVXV,Snohomish,Lake Stevens,WA,98258,2027,CHEVROLET,BOLT,Battery Electric Vehicle (BEV),Eligibility unknown as battery range has not been researched,0,39,292878869,"{'type': 'Point', 'coordinates': [-122.06402, 48.01497]}",PUGET SOUND ENERGY INC,53061053603
1G1FY6EV7V,King,Seattle,WA,98144,2027,CHEVROLET,BOLT,Battery Electric Vehicle (BEV),Eligibility unknown as battery range has not been researched,0,11,294389133,"{'type': 'Point', 'coordinates': [-122.30866, 47.57874]}",CITY OF SEATTLE - (WA)|CITY OF TACOMA - (WA),53033009300
1G1FZ6EV7V,Thurston,Olympia,WA,98501,2027,CHEVROLET,BOLT,Battery Electric Vehicle (BEV),Eligibility unknown as battery range has not been researched,0,22,290244482,"{'type': 'Point', 'coordinates': [-122.89165, 47.03954]}",PUGET SOUND ENERGY INC,53067011300
7PD2EAAB3V,Pierce,Fife,WA,98424,2027,RIVIAN,R2,Battery Electric Vehicle (BEV),Eligibility unknown as battery range has not been researched,0,25,294734135,"{'type': 'Point', 'coordinates': [-122.37302, 47.24714]}",BONNEVILLE POWER ADMINISTRATION||CITY OF TACOMA - (WA)||PENINSULA LIGHT COMPANY,53053940002
1G1FZ6EV1V,Mason,Union,WA,98592,2027,CHEVROLET,BOLT,Battery Electric Vehicle (BEV),Eligibility unknown as battery range has not been researched,0,35,292304960,"{'type': 'Point', 'coordinates': [-123.09944, 47.35689]}",BONNEVILLE POWER ADMINISTRATION||CITY OF TACOMA - (WA)||PUD NO 1 OF MASON COUNTY,53045960500
1G1FZ6EV2V,Thurston,Olympia,WA,98506,2027,CHEVROLET,BOLT,Battery Electric Vehicle (BEV),Eligibility unknown as battery range has not been researched,0,22,294966948,"{'type': 'Point', 'coordinates': [-122.87741, 47.05997]}",PUGET SOUND ENERGY INC,53067012100
1G1FZ6EV5V,Snohomish,Bothell,WA,98012,2027,CHEVROLET,BOLT,Battery Electric Vehicle (BEV),Eligibility unknown as battery range has not been researched,0,1,293699052,"{'type': 'Point', 'coordinates': [-122.20105, 47.84423]}",PUGET SOUND ENERGY INC,53061052107
1G1FY6EV0V,King,Redmond,WA,98052,2027,CHEVROLET,BOLT,Battery Electric Vehicle (BEV),Eligibility unknown as battery range has not been researched,0,48,290457968,"{'type': 'Point', 'coordinates': [-122.13158, 47.67858]}",PUGET SOUND ENERGY INC||CITY OF TACOMA - (WA),53033022803
1G1FZ6EV0V,King,Seattle,WA,98108,2027,CHEVROLET,BOLT,Battery Electric Vehicle (BEV),Eligibility unknown as battery range has not been researched,0,11,294731552,"{'type': 'Point', 'coordinates': [-122.31449, 47.53917]}",CITY OF SEATTLE - (WA)|CITY OF TACOMA - (WA),53033009300
1G1FZ6EV2V,King,Bellevue,WA,98006,2027,CHEVROLET,BOLT,Battery Electric Vehicle (BEV),Eligibility unknown as battery range has not been researched,0,41,289698566,"{'type': 'Point', 'coordinates': [-122.12096, 47.55584]}",PUGET SOUND ENERGY INC||CITY OF TACOMA - (WA),53033024905
WA135BGF9V,King,Sammamish,WA,98075,2027,AUDI,SQ6,Battery Electric Vehicle (BEV),Eligibility unknown as battery range has not been researched,0,41,294158553,"{'type': 'Point', 'coordinates': [-122.03539, 47.61344]}",PUGET SOUND ENERGY INC||CITY OF TACOMA - (WA),53033032218
1G1FY6EV9V,King,Seattle,WA,98126,2027,CHEVROLET,BOLT,Battery Electric Vehicle (BEV),Eligibility unknown as battery range has not been researched,0,34,293901170,"{'type': 'Point', 'coordinates': [-122.36893, 47.54701]}",CITY OF SEATTLE - (WA)|CITY OF TACOMA - (WA),53033010701
1G1FY6EV4V,King,Kenmore,WA,98028,2027,CHEVROLET,BOLT,Battery Electric Vehicle (BEV),Eligibility unknown as battery range has not been researched,0,46,292318267,"{'type': 'Point', 'coordinates': [-122.24369, 47.75892]}",PUGET SOUND ENERGY INC||CITY OF TACOMA - (WA),53033021600
1G1FY6EV0V,Whitman,Pullman,WA,99163,2027,CHEVROLET,BOLT,Battery Electric Vehicle (BEV),Eligibility unknown as battery range has not been researched,0,9,294474197,"{'type': 'Point', 'coordinates': [-117.18147, 46.73015]}",BONNEVILLE POWER ADMINISTRATION||AVISTA CORP||INLAND POWER & LIGHT COMPANY,53075000300
1G1FZ6EV0V,King,Seattle,WA,98144,2027,CHEVROLET,BOLT,Battery Electric Vehicle (BEV),Eligibility unknown as battery range has not been researched,0,37,290453509,"{'type': 'Point', 'coordinates': [-122.30866, 47.57874]}",CITY OF SEATTLE - (WA)|CITY OF TACOMA - (WA),53033010101
1G1FY6EV3V,Snohomish,Bothell,WA,98012,2027,CHEVROLET,BOLT,Battery Electric Vehicle (BEV),Eligibility unknown as battery range has not been researched,0,1,294613252,"{'type': 'Point', 'coordinates': [-122.20105, 47.84423]}",PUGET SOUND ENERGY INC,53061052107
7PD2EAAB0V,Kitsap,Port Orchard,WA,98367,2027,RIVIAN,R2,Battery Electric Vehicle (BEV),Eligibility unknown as battery range has not been researched,0,26,294916100,"{'type': 'Point', 'coordinates': [-122.68516, 47.50645]}",PUGET SOUND ENERGY INC,53035092704
1G1FZ6EV2V,King,Renton,WA,98057,2027,CHEVROLET,BOLT,Battery Electric Vehicle (BEV),Eligibility unknown as battery range has not been researched,0,37,295635112,"{'type': 'Point', 'coordinates': [-122.20489, 47.47532]}",PUGET SOUND ENERGY INC||CITY OF TACOMA - (WA),53033026004
1G1FY6EV5V,Jefferson,Port Townsend,WA,98368,2027,CHEVROLET,BOLT,Battery Electric Vehicle (BEV),Eligibility unknown as battery range has not been researched,0,24,294594177,"{'type': 'Point', 'coordinates': [-122.77263, 48.1212]}",BONNEVILLE POWER ADMINISTRATION||PUGET SOUND ENERGY INC||PUD NO 1 OF JEFFERSON COUNTY,53031950502
WA125BGF6V,King,Seattle,WA,98108,2027,AUDI,SQ6,Battery Electric Vehicle (BEV),Eligibility unknown as battery range has not been researched,0,11,293926335,"{'type': 'Point', 'coordinates': [-122.31449, 47.53917]}",CITY OF SEATTLE - (WA)|CITY OF TACOMA - (WA),53033010900
1G1FZ6EV9V,Kitsap,Port Orchard,WA,98366,2027,CHEVROLET,BOLT,Battery Electric Vehicle (BEV),Eligibility unknown as battery range has not been researched,0,26,291762649,"{'type': 'Point', 'coordinates': [-122.63848, 47.5414]}",PUGET SOUND ENERGY INC,53035092600
1G1FZ6EV5V,King,Woodinville,WA,98072,2027,CHEVROLET,BOLT,Battery Electric Vehicle (BEV),Eligibility unknown as battery range has not been researched,0,45,292028719,"{'type': 'Point', 'coordinates': [-122.15545, 47.75448]}",PUGET SOUND ENERGY INC||CITY OF TACOMA - (WA),53033032311
1G1FY6EV1V,King,Redmond,WA,98053,2027,CHEVROLET,BOLT,Battery Electric Vehicle (BEV),Eligibility unknown as battery range has not been researched,0,45,292312849,"{'type': 'Point', 'coordinates': [-122.03287, 47.68555]}",PUGET SOUND ENERGY INC||CITY OF TACOMA - (WA),53033032332
1G1FY6EV2V,King,Seattle,WA,98117,2027,CHEVROLET,BOLT,Battery Electric Vehicle (BEV),Eligibility unknown as battery range has not been researched,0,36,293116351,"{'type': 'Point', 'coordinates': [-122.38418, 47.70044]}",CITY OF SEATTLE - (WA)|CITY OF TACOMA - (WA),53033003100
WAU5DAGHXV,King,Sammamish,WA,98074,2027,AUDI,A6,Battery Electric Vehicle (BEV),Eligibility unknown as battery range has not been researched,0,45,292532656,"{'type': 'Point', 'coordinates': [-122.02054, 47.60326]}",PUGET SOUND ENERGY INC||CITY OF TACOMA - (WA),53033032317
7PD2EAAB9V,King,Bellevue,WA,98004,2027,RIVIAN,R2,Battery Electric Vehicle (BEV),Eligibility unknown as battery range has not been researched,0,41,292853753,"{'type': 'Point', 'coordinates': [-122.1872, 47.61001]}",PUGET SOUND ENERGY INC||CITY OF TACOMA - (WA),53033023601
1G1FZ6EV8V,Snohomish,Everett,WA,98204,2027,CHEVROLET,BOLT,Battery Electric Vehicle (BEV),Eligibility unknown as battery range has not been researched,0,21,291579760,"{'type': 'Point', 'coordinates': [-122.27557, 47.88936]}",PUGET SOUND ENERGY INC,53061041905
1G1FY6EV2V,King,Seattle,WA,98118,2027,CHEVROLET,BOLT,Battery Electric Vehicle (BEV),Eligibility unknown as battery range has not been researched,0,37,293997868,"{'type': 'Point', 'coordinates': [-122.28083, 47.54693]}",CITY OF SEATTLE - (WA)|CITY OF TACOMA - (WA),53033010200
7PD2EAAB0V,King,Bellevue,WA,98004,2027,RIVIAN,R2,Battery Electric Vehicle (BEV),Eligibility unknown as battery range has not been researched,0,41,294091045,"{'type': 'Point', 'coordinates': [-122.1872, 47.61001]}",PUGET SOUND ENERGY INC||CITY OF TACOMA - (WA),53033023601
1G1FZ6EV3V,King,Seattle,WA,98103,2027,CHEVROLET,BOLT,Battery Electric Vehicle (BEV),Eligibility unknown as battery range has not been researched,0,36,290880096,"{'type': 'Point', 'coordinates': [-122.35436, 47.67596]}",CITY OF SEATTLE - (WA)|CITY OF TACOMA - (WA),53033001800
1G1FY6EV7V,Ferry,Curlew,WA,99118,2027,CHEVROLET,BOLT,Battery Electric Vehicle (BEV),Eligibility unknown as battery range has not been researched,0,7,291144108,"{'type': 'Point', 'coordinates': [-118.60061, 48.88101]}",BONNEVILLE POWER ADMINISTRATION||PUD NO 1 OF FERRY COUNTY,53019970100
1G1FZ6EV6V,King,Seattle,WA,98117,2027,CHEVROLET,BOLT,Battery Electric Vehicle (BEV),Eligibility unknown as battery range has not been researched,0,36,290733537,"{'type': 'Point', 'coordinates': [-122.38418, 47.70044]}",CITY OF SEATTLE - (WA)|CITY OF TACOMA - (WA),53033003000
1G1FY6EV4V,Thurston,Olympia,WA,98501,2027,CHEVROLET,BOLT,Battery Electric Vehicle (BEV),Eligibility unknown as battery range has not been researched,0,22,291242787,"{'type': 'Point', 'coordinates': [-122.89165, 47.03954]}",PUGET SOUND ENERGY INC,53067010300
1G1FY6EVXV,Okanogan,Winthrop,WA,98862,2027,CHEVROLET,BOLT,Battery Electric Vehicle (BEV),Eligibility unknown as battery range has not been researched,0,12,290900627,"{'type': 'Point', 'coordinates': [-120.17739, 48.47396]}","OKANOGAN COUNTY ELEC COOP, INC",53047970900
WA135BGF5V,King,Seattle,WA,98107,2027,AUDI,SQ6,Battery Electric Vehicle (BEV),Eligibility unknown as battery range has not been researched,0,36,292916109,"{'type': 'Point', 'coordinates': [-122.38591, 47.67597]}",CITY OF SEATTLE - (WA)|CITY OF TACOMA - (WA),53033004703
1G1FZ6EVXV,Snohomish,Arlington,WA,98223,2027,CHEVROLET,BOLT,Battery Electric Vehicle (BEV),Eligibility unknown as battery range has not been researched,0,39,290159047,"{'type': 'Point', 'coordinates': [-122.1264, 48.19471]}",BONNEVILLE POWER ADMINISTRATION||PUD 1 OF SNOHOMISH COUNTY,53061053510
1G1FZ6EV7V,King,Seattle,WA,98112,2027,CHEVROLET,BOLT,Battery Electric Vehicle (BEV),Eligibility unknown as battery range has not been researched,0,43,289478843,"{'type': 'Point', 'coordinates': [-122.30207, 47.64085]}",CITY OF SEATTLE - (WA)|CITY OF TACOMA - (WA),53033006200
7PD2EAAB8V,Pierce,Tacoma,WA,98406,2027,RIVIAN,R2,Battery Electric Vehicle (BEV),Eligibility unknown as battery range has not been researched,0,28,294881639,"{'type': 'Point', 'coordinates': [-122.52082, 47.26887]}",BONNEVILLE POWER ADMINISTRATION||CITY OF TACOMA - (WA)||PENINSULA LIGHT COMPANY,53053060907
1G1FY6EV2V,Snohomish,Marysville,WA,98270,2027,CHEVROLET,BOLT,Battery Electric Vehicle (BEV),Eligibility unknown as battery range has not been researched,0,38,292321452,"{'type': 'Point', 'coordinates': [-122.1769, 48.06114]}",PUGET SOUND ENERGY INC,53061052903
7PD2EAAB8V,Klickitat,Snowden,WA,98672,2027,RIVIAN,R2,Battery Electric Vehicle (BEV),Eligibility unknown as battery range has not been researched,0,14,294721913,"{'type': 'Point', 'coordinates': [-121.48704, 45.72776]}",BONNEVILLE POWER ADMINISTRATION||PUD NO 1 OF KLICKITAT COUNTY,53039950302
WA1B5BGF1V,King,Redmond,WA,98052,2027,AUDI,SQ6,Battery Electric Vehicle (BEV),Eligibility unknown as battery range has not been researched,0,45,292797753,"{'type': 'Point', 'coordinates': [-122.13158, 47.67858]}",PUGET SOUND ENERGY INC||CITY OF TACOMA - (WA),53033032321
1G1FZ6EV3V,Snohomish,Mountlake Terrace,WA,98043,2027,CHEVROLET,BOLT,Battery Electric Vehicle (BEV),Eligibility unknown as battery range has not been researched,0,1,291182608,"{'type': 'Point', 'coordinates': [-122.31111, 47.78803]}",PUGET SOUND ENERGY INC,53061051100
1G1FZ6EV2V,Pierce,Puyallup,WA,98373,2027,CHEVROLET,BOLT,Battery Electric Vehicle (BEV),Eligibility unknown as battery range has not been researched,0,25,288494223,"{'type': 'Point', 'coordinates': [-122.2988, 47.13795]}",BONNEVILLE POWER ADMINISTRATION||CITY OF TACOMA - (WA)||PENINSULA LIGHT COMPANY,53053071310
1G1FZ6EV9V,King,Issaquah,WA,98027,2027,CHEVROLET,BOLT,Battery Electric Vehicle (BEV),Eligibility unknown as battery range has not been researched,0,5,289542263,"{'type': 'Point', 'coordinates': [-122.03439, 47.5301]}",PUGET SOUND ENERGY INC||CITY OF TACOMA - (WA),53033032102
1G1FY6EV1V,Clark,Vancouver,WA,98686,2027,CHEVROLET,BOLT,Battery Electric Vehicle (BEV),Eligibility unknown as battery range has not been researched,0,49,293571820,"{'type': 'Point', 'coordinates': [-122.62731, 45.71668]}",BONNEVILLE POWER ADMINISTRATION||PUD NO 1 OF CLARK COUNTY - (WA),53011040808
1G1FY6EV1V,Pierce,Fox Island,WA,98333,2027,CHEVROLET,BOLT,Battery Electric Vehicle (BEV),Eligibility unknown as battery range has not been researched,0,26,292984359,"{'type': 'Point', 'coordinates': [-122.65107, 47.27375]}",BONNEVILLE POWER ADMINISTRATION||CITY OF TACOMA - (WA)||PENINSULA LIGHT COMPANY,53053072410
1G1FY6EV9V,Snohomish,Sultan,WA,98294,2027,CHEVROLET,BOLT,Battery Electric Vehicle (BEV),Eligibility unknown as battery range has not been researched,0,39,291253707,"{'type': 'Point', 'coordinates': [-121.81688, 47.8623]}",BONNEVILLE POWER ADMINISTRATION||PUD 1 OF SNOHOMISH COUNTY,53061053803
1G1FY6EV6V,King,Sammamish,WA,98029,2027,CHEVROLET,BOLT,Battery Electric Vehicle (BEV),Eligibility unknown as battery range has not been researched,0,5,292339330,"{'type': 'Point', 'coordinates': [-122.01656, 47.57118]}",PUGET SOUND ENERGY INC||CITY OF TACOMA - (WA),53033032223
1G1FY6EV0V,Kitsap,Indianola,WA,98342,2027,CHEVROLET,BOLT,Battery Electric Vehicle (BEV),Eligibility unknown as battery range has not been researched,0,23,292006242,"{'type': 'Point', 'coordinates': [-122.51843, 47.7487]}",PUGET SOUND ENERGY INC,53035940000
1G1FZ6EV0V,Thurston,Lacey,WA,98503,2027,CHEVROLET,BOLT,Battery Electric Vehicle (BEV),Eligibility unknown as battery range has not been researched,0,22,291611169,"{'type': 'Point', 'coordinates': [-122.82324, 47.04437]}",PUGET SOUND ENERGY INC,53067011625
1G1FZ6EV3V,Snohomish,Woodinville,WA,98072,2027,CHEVROLET,BOLT,Battery Electric Vehicle (BEV),Eligibility unknown as battery range has not been researched,0,1,294131813,"{'type': 'Point', 'coordinates': [-122.15545, 47.75448]}",PUGET SOUND ENERGY INC,53061051926
1G1FY6EVXV,Kitsap,Silverdale,WA,98383,2027,CHEVROLET,BOLT,Battery Electric Vehicle (BEV),Eligibility unknown as battery range has not been researched,0,23,289853483,"{'type': 'Point', 'coordinates': [-122.69275, 47.65171]}",PUGET SOUND ENERGY INC,53035091302
1G1FZ6EV3V,King,Bellevue,WA,98006,2027,CHEVROLET,BOLT,Battery Electric Vehicle (BEV),Eligibility unknown as battery range has not been researched,0,41,293073350,"{'type': 'Point', 'coordinates': [-122.12096, 47.55584]}",PUGET SOUND ENERGY INC||CITY OF TACOMA - (WA),53033025001
1G1FZ6EV9V,Island,Coupeville,WA,98239,2027,CHEVROLET,BOLT,Battery Electric Vehicle (BEV),Eligibility unknown as battery range has not been researched,0,10,292109632,"{'type': 'Point', 'coordinates': [-122.68558, 48.21857]}",PUGET SOUND ENERGY INC,53029971100
1G1FZ6EV9V,Kitsap,Silverdale,WA,98383,2027,CHEVROLET,BOLT,Battery Electric Vehicle (BEV),Eligibility unknown as battery range has not been researched,0,35,290929663,"{'type': 'Point', 'coordinates': [-122.69275, 47.65171]}",PUGET SOUND ENERGY INC,53035091302
1G1FZ6EVXV,Pend Oreille,Newport,WA,99156,2027,CHEVROLET,BOLT,Battery Electric Vehicle (BEV),Eligibility unknown as battery range has not been researched,0,7,291904756,"{'type': 'Point', 'coordinates': [-117.04398, 48.18285]}",PUD NO 1 OF PEND OREILLE COUNTY,53051970200
1G1FZ6EV5V,Thurston,Lacey,WA,98513,2027,CHEVROLET,BOLT,Battery Electric Vehicle (BEV),Eligibility unknown as battery range has not been researched,0,22,291344266,"{'type': 'Point', 'coordinates': [-122.80933, 46.99531]}",PUGET SOUND ENERGY INC,53067011623
WA135BGF7V,King,Seattle,WA,98115,2027,AUDI,SQ6,Battery Electric Vehicle (BEV),Eligibility unknown as battery range has not been researched,0,46,293952746,"{'type': 'Point', 'coordinates': [-122.31676, 47.68156]}",CITY OF SEATTLE - (WA)|CITY OF TACOMA - (WA),53033003900
1G1FY6EV0V,Snohomish,Everett,WA,98208,2027,CHEVROLET,BOLT,Battery Electric Vehicle (BEV),Eligibility unknown as battery range has not been researched,0,44,291100617,"{'type': 'Point', 'coordinates': [-122.18637, 47.89251]}",PUGET SOUND ENERGY INC,53061052114
1G1FY6EV9V,Grays Harbor,Ocean Shores,WA,98569,2027,CHEVROLET,BOLT,Battery Electric Vehicle (BEV),Eligibility unknown as battery range has not been researched,0,24,292495738,"{'type': 'Point', 'coordinates': [-124.16408, 47.01156]}",BONNEVILLE POWER ADMINISTRATION||PUD NO 1 OF GRAYS HARBOR COUNTY,53027000201
1G1FY6EV6V,Snohomish,Mukilteo,WA,98275,2027,CHEVROLET,BOLT,Battery Electric Vehicle (BEV),Eligibility unknown as battery range has not been researched,0,21,290228921,"{'type': 'Point', 'coordinates': [-122.29196, 47.89908]}",PUGET SOUND ENERGY INC,53061041301
WAU3EAGH0V,Douglas,East Wenatchee,WA,98802,2027,AUDI,S6,Battery Electric Vehicle (BEV),Eligibility unknown as battery range has not been researched,0,12,292890979,"{'type': 'Point', 'coordinates': [-120.29473, 47.41515]}",PUD NO 1 OF DOUGLAS COUNTY,53017950600
WBY33HG05V,King,Redmond,WA,98052,2027,BMW,I5,Battery Electric Vehicle (BEV),Eligibility unknown as battery range has not been researched,0,48,294364157,"{'type': 'Point', 'coordinates': [-122.13158, 47.67858]}",PUGET SOUND ENERGY INC||CITY OF TACOMA - (WA),53033022802
1G1FY6EV8V,King,Seattle,WA,98136,2027,CHEVROLET,BOLT,Battery Electric Vehicle (BEV),Eligibility unknown as battery range has not been researched,0,34,292274468,"{'type': 'Point', 'coordinates': [-122.38415, 47.53755]}",CITY OF SEATTLE - (WA)|CITY OF TACOMA - (WA),53033011602
1G1FY6EV8V,Snohomish,Everett,WA,98208,2027,CHEVROLET,BOLT,Battery Electric Vehicle (BEV),Eligibility unknown as battery range has not been researched,0,44,291136919,"{'type': 'Point', 'coordinates': [-122.18637, 47.89251]}",PUGET SOUND ENERGY INC,53061052120
1G1FY6EV1V,Kitsap,Port Orchard,WA,98366,2027,CHEVROLET,BOLT,Battery Electric Vehicle (BEV),Eligibility unknown as battery range has not been researched,0,26,292877917,"{'type': 'Point', 'coordinates': [-122.63848, 47.5414]}",PUGET SOUND ENERGY INC,53035092701
1G1FZ6EV1V,Lewis,Chehalis,WA,98532,2027,CHEVROLET,BOLT,Battery Electric Vehicle (BEV),Eligibility unknown as battery range has not been researched,0,19,293115483,"{'type': 'Point', 'coordinates': [-122.96462, 46.6621]}",BONNEVILLE POWER ADMINISTRATION||CITY OF TACOMA - (WA)||PUD NO 1 OF LEWIS COUNTY,53041971400
1G1FY6EV9V,Whatcom,Bellingham,WA,98225,2027,CHEVROLET,BOLT,Battery Electric Vehicle (BEV),Eligibility unknown as battery range has not been researched,0,42,293859436,"{'type': 'Point', 'coordinates': [-122.47091, 48.75256]}",PUGET SOUND ENERGY INC||PUD NO 1 OF WHATCOM COUNTY,53073000301
1G1FY6EV1V,King,Seattle,WA,98105,2027,CHEVROLET,BOLT,Battery Electric Vehicle (BEV),Eligibility unknown as battery range has not been researched,0,43,290375046,"{'type': 'Point', 'coordinates': [-122.31307, 47.66127]}",CITY OF SEATTLE - (WA)|CITY OF TACOMA - (WA),53033004401
1G1FY6EV3V,Chelan,Cashmere,WA,98815,2027,CHEVROLET,BOLT,Battery Electric Vehicle (BEV),Eligibility unknown as battery range has not been researched,0,12,293075275,"{'type': 'Point', 'coordinates': [-120.47005, 47.5224]}",PUD NO 1 OF CHELAN COUNTY,53007960501
1G1FY6EV2V,Island,Langley,WA,98260,2027,CHEVROLET,BOLT,Battery Electric Vehicle (BEV),Eligibility unknown as battery range has not been researched,0,10,293449285,"{'type': 'Point', 'coordinates': [-122.40618, 48.0399]}",PUGET SOUND ENERGY INC,53029971900
1G1FZ6EV8V,Whatcom,Bellingham,WA,98226,2027,CHEVROLET,BOLT,Battery Electric Vehicle (BEV),Eligibility unknown as battery range has not been researched,0,42,292358748,"{'type': 'Point', 'coordinates': [-122.49756, 48.7999]}",PUGET SOUND ENERGY INC||PUD NO 1 OF WHATCOM COUNTY,53073000201
1G1FZ6EV1V,Island,Langley,WA,98260,2027,CHEVROLET,BOLT,Battery Electric Vehicle (BEV),Eligibility unknown as battery range has not been researched,0,10,293243765,"{'type': 'Point', 'coordinates': [-122.40618, 48.0399]}",PUGET SOUND ENERGY INC,53029971900
1G1FY6EV1V,San Juan,Eastsound,WA,98245,2027,CHEVROLET,BOLT,Battery Electric Vehicle (BEV),Eligibility unknown as battery range has not been researched,0,40,293605616,"{'type': 'Point', 'coordinates': [-122.91109, 48.69389]}",BONNEVILLE POWER ADMINISTRATION||ORCAS POWER & LIGHT COOP,53055960103
1G1FY6EV9V,Spokane,Spokane,WA,99201,2027,CHEVROLET,BOLT,Battery Electric Vehicle (BEV),Eligibility unknown as battery range has not been researched,0,3,291329797,"{'type': 'Point', 'coordinates': [-117.41162, 47.65726]}",MODERN ELECTRIC WATER COMPANY,53063002300
1G1FY6EV8V,Chelan,Leavenworth,WA,98826,2027,CHEVROLET,BOLT,Battery Electric Vehicle (BEV),Eligibility unknown as battery range has not been researched,0,12,293041451,"{'type': 'Point', 'coordinates': [-120.65754, 47.5982]}",PUD NO 1 OF CHELAN COUNTY,53007960201
1G1FZ6EV9V,Pierce,Puyallup,WA,98372,2027,CHEVROLET,BOLT,Battery Electric Vehicle (BEV),Eligibility unknown as battery range has not been researched,0,25,292652692,"{'type': 'Point', 'coordinates': [-122.25646, 47.21259]}",PUGET SOUND ENERGY INC||CITY OF TACOMA - (WA),53053073406
1G1FZ6EV7V,Snohomish,Stanwood,WA,98292,2027,CHEVROLET,BOLT,Battery Electric Vehicle (BEV),Eligibility unknown as battery range has not been researched,0,10,294573387,"{'type': 'Point', 'coordinates': [-122.37265, 48.24159]}",BONNEVILLE POWER ADMINISTRATION||PUD 1 OF SNOHOMISH COUNTY,53061053302
WA154BGF8V,Pierce,Gig Harbor,WA,98332,2027,AUDI,Q6,Battery Electric Vehicle (BEV),Eligibility unknown as battery range has not been researched,0,26,292370326,"{'type': 'Point', 'coordinates': [-122.58965, 47.34235]}",BONNEVILLE POWER ADMINISTRATION||CITY OF TACOMA - (WA)||PENINSULA LIGHT COMPANY,53053072509
1G1FY6EV3V,King,Seattle,WA,98146,2027,CHEVROLET,BOLT,Battery Electric Vehicle (BEV),Eligibility unknown as battery range has not been researched,0,34,293602508,"{'type': 'Point', 'coordinates': [-122.36322, 47.49736]}",CITY OF SEATTLE - (WA)|CITY OF TACOMA - (WA),53033026700
1G1FZ6EV6V,Clallam,Sequim,WA,98382,2027,CHEVROLET,BOLT,Battery Electric Vehicle (BEV),Eligibility unknown as battery range has not been researched,0,24,293483669,"{'type': 'Point', 'coordinates': [-123.10367, 48.07965]}",BONNEVILLE POWER ADMINISTRATION||PUD NO 1 OF CLALLAM COUNTY,53009001901
1G1FZ6EV9V,Clark,Vancouver,WA,98685,2027,CHEVROLET,BOLT,Battery Electric Vehicle (BEV),Eligibility unknown as battery range has not been researched,0,18,290879970,"{'type': 'Point', 'coordinates': [-122.70303, 45.70954]}",BONNEVILLE POWER ADMINISTRATION||PUD NO 1 OF CLARK COUNTY - (WA),53011040904
1G1FZ6EV8V,King,Seattle,WA,98136,2027,CHEVROLET,BOLT,Battery Electric Vehicle (BEV),Eligibility unknown as battery range has not been researched,0,34,292457000,"{'type': 'Point', 'coordinates': [-122.38415, 47.53755]}",CITY OF SEATTLE - (WA)|CITY OF TACOMA - (WA),53033012100
1G1FZ6EV5V,Whatcom,Bellingham,WA,98225,2027,CHEVROLET,BOLT,Battery Electric Vehicle (BEV),Eligibility unknown as battery range has not been researched,0,40,292221492,"{'type': 'Point', 'coordinates': [-122.47091, 48.75256]}",PUGET SOUND ENERGY INC||PUD NO 1 OF WHATCOM COUNTY,53073001101
1G1FY6EV1V,Thurston,Olympia,WA,98501,2027,CHEVROLET,BOLT,Battery Electric Vehicle (BEV),Eligibility unknown as battery range has not been researched,0,22,292441474,"{'type': 'Point', 'coordinates': [-122.89165, 47.03954]}",PUGET SOUND ENERGY INC,53067010300
1G1FY6EV3V,King,Auburn,WA,98001,2027,CHEVROLET,BOLT,Battery Electric Vehicle (BEV),Eligibility unknown as battery range has not been researched,0,30,293308032,"{'type': 'Point', 'coordinates': [-122.28802, 47.30264]}",PUGET SOUND ENERGY INC||CITY OF TACOMA - (WA),53033029901
1G1FY6EV4V,Snohomish,Stanwood,WA,98292,2027,CHEVROLET,BOLT,Battery Electric Vehicle (BEV),Eligibility unknown as battery range has not been researched,0,10,291321313,"{'type': 'Point', 'coordinates': [-122.37265, 48.24159]}",PUGET SOUND ENERGY INC,53061053202
1G1FZ6EV0V,Snohomish,Bothell,WA,98012,2027,CHEVROLET,BOLT,Battery Electric Vehicle (BEV),Eligibility unknown as battery range has not been researched,0,1,292513000,"{'type': 'Point', 'coordinates': [-122.20105, 47.84423]}",PUGET SOUND ENERGY INC,53061052009
7PD2EAABXV,Snohomish,Snohomish,WA,98296,2027,RIVIAN,R2,Battery Electric Vehicle (BEV),Eligibility unknown as battery range has not been researched,0,44,294933264,"{'type': 'Point', 'coordinates': [-122.1389, 47.87115]}",PUGET SOUND ENERGY INC,53061052122
1G1FY6EV2V,Snohomish,Lynnwood,WA,98087,2027,CHEVROLET,BOLT,Battery Electric Vehicle (BEV),Eligibility unknown as battery range has not been researched,0,21,290958790,"{'type': 'Point', 'coordinates': [-122.27981, 47.85727]}",PUGET SOUND ENERGY INC,53061041812
1G1FY6EV4V,Pierce,University Place,WA,98466,2027,CHEVROLET,BOLT,Battery Electric Vehicle (BEV),Eligibility unknown as battery range has not been researched,0,28,293506888,"{'type': 'Point', 'coordinates': [-122.53781, 47.23075]}",BONNEVILLE POWER ADMINISTRATION||CITY OF TACOMA - (WA)||PENINSULA LIGHT COMPANY,53053072309
1G1FZ6EV2V,King,Seattle,WA,98115,2027,CHEVROLET,BOLT,Battery Electric Vehicle (BEV),Eligibility unknown as battery range has not been researched,0,46,291693636,"{'type': 'Point', 'coordinates': [-122.31676, 47.68156]}",PUGET SOUND ENERGY INC||CITY OF TACOMA - (WA),53033002200
1G1FY6EV4V,King,Woodinville,WA,98072,2027,CHEVROLET,BOLT,Battery Electric Vehicle (BEV),Eligibility unknown as battery range has not been researched,0,45,291839320,"{'type': 'Point', 'coordinates': [-122.15545, 47.75448]}",PUGET SOUND ENERGY INC||CITY OF TACOMA - (WA),53033032311
1G1FY6EV0V,Pierce,Lakewood,WA,98499,2027,CHEVROLET,BOLT,Battery Electric Vehicle (BEV),Eligibility unknown as battery range has not been researched,0,29,292531417,"{'type': 'Point', 'coordinates': [-122.51495, 47.16196]}",BONNEVILLE POWER ADMINISTRATION||CITY OF TACOMA - (WA)||LAKEVIEW LIGHT & POWER|PENINSULA LIGHT COMPANY,53053071808
WBS83GV05V,Whatcom,Blaine,WA,98230,2027,BMW,M5,Plug-in Hybrid Electric Vehicle (PHEV),Not eligible due to low battery range,25,42,292382898,"{'type': 'Point', 'coordinates': [-122.74823, 48.99405]}",CITY OF BLAINE - (WA)||PUD NO 1 OF WHATCOM COUNTY,53073010405
1G1FY6EV0V,Snohomish,Everett,WA,98208,2027,CHEVROLET,BOLT,Battery Electric Vehicle (BEV),Eligibility unknown as battery range has not been researched,0,21,291234023,"{'type': 'Point', 'coordinates': [-122.18637, 47.89251]}",PUGET SOUND ENERGY INC,53061041814
WA135BGF3V,King,Snoqualmie,WA,98024,2027,AUDI,SQ6,Battery Electric Vehicle (BEV),Eligibility unknown as battery range has not been researched,0,5,292885015,"{'type': 'Point', 'coordinates': [-121.89086, 47.56812]}",PUGET SOUND ENERGY INC||CITY OF TACOMA - (WA),53033032603
1G1FY6EVXV,Snohomish,Edmonds,WA,98026,2027,CHEVROLET,BOLT,Battery Electric Vehicle (BEV),Eligibility unknown as battery range has not been researched,0,21,292379867,"{'type': 'Point', 'coordinates': [-122.31768, 47.87166]}",PUGET SOUND ENERGY INC,53061050403
3GYK3EM41V,King,Bellevue,WA,98004,2027,CADILLAC,OPTIQ,Battery Electric Vehicle (BEV),Eligibility unknown as battery range has not been researched,0,48,294738573,"{'type': 'Point', 'coordinates': [-122.1872, 47.61001]}",PUGET SOUND ENERGY INC||CITY OF TACOMA - (WA),53033023805
7PD2EAAB5V,King,Bellevue,WA,98004,2027,RIVIAN,R2,Battery Electric Vehicle (BEV),Eligibility unknown as battery range has not been researched,0,41,293743824,"{'type': 'Point', 'coordinates': [-122.1872, 47.61001]}",PUGET SOUND ENERGY INC||CITY OF TACOMA - (WA),53033024002
1G1FY6EV1V,Whatcom,Bellingham,WA,98225,2027,CHEVROLET,BOLT,Battery Electric Vehicle (BEV),Eligibility unknown as battery range has not been researched,0,42,291515619,"{'type': 'Point', 'coordinates': [-122.47091, 48.75256]}",PUGET SOUND ENERGY INC||PUD NO 1 OF WHATCOM COUNTY,53073000402
7PD2EAAB7V,King,Auburn,WA,98001,2027,RIVIAN,R2,Battery Electric Vehicle (BEV),Eligibility unknown as battery range has not been researched,0,30,296437074,"{'type': 'Point', 'coordinates': [-122.28802, 47.30264]}",PUGET SOUND ENERGY INC||CITY OF TACOMA - (WA),53033029806
1G1FY6EV0V,Snohomish,Woodinville,WA,98077,2027,CHEVROLET,BOLT,Battery Electric Vehicle (BEV),Eligibility unknown as battery range has not been researched,0,1,292194794,"{'type': 'Point', 'coordinates': [-122.07326, 47.75425]}",PUGET SOUND ENERGY INC,53061051912
WA1B5BGF2V,Snohomish,Mill Creek,WA,98012,2027,AUDI,SQ6,Battery Electric Vehicle (BEV),Eligibility unknown as battery range has not been researched,0,44,292256107,"{'type': 'Point', 'coordinates': [-122.20105, 47.84423]}",PUGET SOUND ENERGY INC,53061052005
1G1FZ6EV7V,Pierce,Fircrest,WA,98466,2027,CHEVROLET,BOLT,Battery Electric Vehicle (BEV),Eligibility unknown as battery range has not been researched,0,28,293891090,"{'type': 'Point', 'coordinates': [-122.53781, 47.23075]}",BONNEVILLE POWER ADMINISTRATION||CITY OF TACOMA - (WA)||PENINSULA LIGHT COMPANY,53053072305
1G1FY6EV7V,Whatcom,Bellingham,WA,98229,2027,CHEVROLET,BOLT,Battery Electric Vehicle (BEV),Eligibility unknown as battery range has not been researched,0,40,291337686,"{'type': 'Point', 'coordinates': [-122.45486, 48.7449]}",PUGET SOUND ENERGY INC||PUD NO 1 OF WHATCOM COUNTY,53073000805
1G1FY6EV6V,Snohomish,Woodway,WA,98020,2027,CHEVROLET,BOLT,Battery Electric Vehicle (BEV),Eligibility unknown as battery range has not been researched,0,32,294354525,"{'type': 'Point', 'coordinates': [-122.37695, 47.81113]}",PUGET SOUND ENERGY INC,53061050600
1G1FY6EV9V,Snohomish,Everett,WA,98203,2027,CHEVROLET,BOLT,Battery Electric Vehicle (BEV),Eligibility unknown as battery range has not been researched,0,38,292742537,"{'type': 'Point', 'coordinates': [-122.23019, 47.94949]}",PUGET SOUND ENERGY INC,53061041303
1G1FY6EV4V,Pierce,Puyallup,WA,98372,2027,CHEVROLET,BOLT,Battery Electric Vehicle (BEV),Eligibility unknown as battery range has not been researched,0,25,291927212,"{'type': 'Point', 'coordinates': [-122.25646, 47.21259]}",PUGET SOUND ENERGY INC||CITY OF TACOMA - (WA),53053073405
1G1FZ6EV8V,King,Vashon,WA,98070,2027,CHEVROLET,BOLT,Battery Electric Vehicle (BEV),Eligibility unknown as battery range has not been researched,0,34,294875479,"{'type': 'Point', 'coordinates': [-122.4573, 47.44929]}",PUGET SOUND ENERGY INC||CITY OF TACOMA - (WA),53033027701
1G1FY6EV2V,Snohomish,Lynnwood,WA,98036,2027,CHEVROLET,BOLT,Battery Electric Vehicle (BEV),Eligibility unknown as battery range has not been researched,0,1,292833950,"{'type': 'Point', 'coordinates': [-122.29245, 47.82557]}",PUGET SOUND ENERGY INC,53061051929
1G1FZ6EV0V,Snohomish,Stanwood,WA,98292,2027,CHEVROLET,BOLT,Battery Electric Vehicle (BEV),Eligibility unknown as battery range has not been researched,0,10,292093931,"{'type': 'Point', 'coordinates': [-122.37265, 48.24159]}",BONNEVILLE POWER ADMINISTRATION||PUD 1 OF SNOHOMISH COUNTY,53061053302
1G1FY6EV7V,King,Bothell,WA,98011,2027,CHEVROLET,BOLT,Battery Electric Vehicle (BEV),Eligibility unknown as battery range has not been researched,0,1,291137759,"{'type': 'Point', 'coordinates': [-122.20563, 47.76144]}",PUGET SOUND ENERGY INC||CITY OF TACOMA - (WA),53033022102
1G1FY6EV3V,Whatcom,Bellingham,WA,98226,2027,CHEVROLET,BOLT,Battery Electric Vehicle (BEV),Eligibility unknown as battery range has not been researched,0,42,291977290,"{'type': 'Point', 'coordinates': [-122.49756, 48.7999]}",PUGET SOUND ENERGY INC||PUD NO 1 OF WHATCOM COUNTY,53073000202
1G1FY6EV1V,Snohomish,Snohomish,WA,98296,2027,CHEVROLET,BOLT,Battery Electric Vehicle (BEV),Eligibility unknown as battery range has not been researched,0,44,292066330,"{'type': 'Point', 'coordinates': [-122.1389, 47.87115]}",PUGET SOUND ENERGY INC,53061052122
1G1FY6EV5V,Snohomish,Sultan,WA,98294,2027,CHEVROLET,BOLT,Battery Electric Vehicle (BEV),Eligibility unknown as battery range has not been researched,0,39,294142313,"{'type': 'Point', 'coordinates': [-121.81688, 47.8623]}",PUGET SOUND ENERGY INC,53061053802
1G1FY6EV0V,Snohomish,Lake Stevens,WA,98258,2027,CHEVROLET,BOLT,Battery Electric Vehicle (BEV),Eligibility unknown as battery range has not been researched,0,44,292733017,"{'type': 'Point', 'coordinates': [-122.06402, 48.01497]}",PUGET SOUND ENERGY INC,53061052504
1G1FY6EV7V,King,Seattle,WA,98102,2027,CHEVROLET,BOLT,Battery Electric Vehicle (BEV),Eligibility unknown as battery range has not been researched,0,43,291623727,"{'type': 'Point', 'coordinates': [-122.32427, 47.63433]}",CITY OF SEATTLE - (WA)|CITY OF TACOMA - (WA),53033006600
1G1FZ6EV6V,Mason,Belfair,WA,98528,2027,CHEVROLET,BOLT,Battery Electric Vehicle (BEV),Eligibility unknown as battery range has not been researched,0,35,290660653,"{'type': 'Point', 'coordinates': [-122.82762, 47.45056]}",BONNEVILLE POWER ADMINISTRATION||CITY OF TACOMA - (WA)||PUD NO 3 OF MASON COUNTY,53045960302
1G1FY6EV9V,Whatcom,Bellingham,WA,98229,2027,CHEVROLET,BOLT,Battery Electric Vehicle (BEV),Eligibility unknown as battery range has not been researched,0,40,294891537,"{'type': 'Point', 'coordinates': [-122.45486, 48.7449]}",PUGET SOUND ENERGY INC||PUD NO 1 OF WHATCOM COUNTY,53073000903
1G1FY6EV6V,Pierce,Graham,WA,98338,2027,CHEVROLET,BOLT,Battery Electric Vehicle (BEV),Eligibility unknown as battery range has not been researched,0,28,292854957,"{'type': 'Point', 'coordinates': [-122.29477, 47.05703]}",BONNEVILLE POWER ADMINISTRATION||CITY OF TACOMA - (WA)||PENINSULA LIGHT COMPANY,53053073115
1G1FY6EVXV,Skagit,Mount Vernon,WA,98273,2027,CHEVROLET,BOLT,Battery Electric Vehicle (BEV),Eligibility unknown as battery range has not been researched,0,10,291113735,"{'type': 'Point', 'coordinates': [-122.33891, 48.41644]}",PUGET SOUND ENERGY INC,53057952700
1G1FY6EV1V,King,Seattle,WA,98102,2027,CHEVROLET,BOLT,Battery Electric Vehicle (BEV),Eligibility unknown as battery range has not been researched,0,43,293095015,"{'type': 'Point', 'coordinates': [-122.32427, 47.63433]}",CITY OF SEATTLE - (WA)|CITY OF TACOMA - (WA),53033006500
1G1FY6EVXV,Thurston,Olympia,WA,98512,2027,CHEVROLET,BOLT,Battery Electric Vehicle (BEV),Eligibility unknown as battery range has not been researched,0,35,291491203,"{'type': 'Point', 'coordinates': [-123.04078, 46.94792]}",PUGET SOUND ENERGY INC,53067011810
7PD2EAAB9V,Pierce,Fircrest,WA,98466,2027,RIVIAN,R2,Battery Electric Vehicle (BEV),Eligibility unknown as battery range has not been researched,0,28,294527369,"{'type': 'Point', 'coordinates': [-122.53781, 47.23075]}",BONNEVILLE POWER ADMINISTRATION||CITY OF TACOMA - (WA)||PENINSULA LIGHT COMPANY,53053072305
1G1FY6EV2V,Mason,Allyn,WA,98524,2027,CHEVROLET,BOLT,Battery Electric Vehicle (BEV),Eligibility unknown as battery range has not been researched,0,35,292550562,"{'type': 'Point', 'coordinates': [-122.82984, 47.38173]}",BONNEVILLE POWER ADMINISTRATION||CITY OF TACOMA - (WA)||PUD NO 3 OF MASON COUNTY,53045960403
1G1FZ6EVXV,Snohomish,Lynnwood,WA,98037,2027,CHEVROLET,BOLT,Battery Electric Vehicle (BEV),Eligibility unknown as battery range has not been researched,0,32,292775745,"{'type': 'Point', 'coordinates': [-122.27734, 47.83785]}",PUGET SOUND ENERGY INC,53061051602
1G1FY6EV6V,Snohomish,Mountlake Terrace,WA,98043,2027,CHEVROLET,BOLT,Battery Electric Vehicle (BEV),Eligibility unknown as battery range has not been researched,0,1,292378082,"{'type': 'Point', 'coordinates': [-122.31111, 47.78803]}",PUGET SOUND ENERGY INC,53061051100
1G1FY6EV9V,Benton,Richland,WA,99352,2027,CHEVROLET,BOLT,Battery Electric Vehicle (BEV),Eligibility unknown as battery range has not been researched,0,8,292745687,"{'type': 'Point', 'coordinates': [-119.27372, 46.27391]}",BONNEVILLE POWER ADMINISTRATION||CITY OF RICHLAND - (WA),53005010819
WA125BGF6V,King,Bellevue,WA,98006,2027,AUDI,SQ6,Battery Electric Vehicle (BEV),Eligibility unknown as battery range has not been researched,0,41,292610139,"{'type': 'Point', 'coordinates': [-122.12096, 47.55584]}",PUGET SOUND ENERGY INC||CITY OF TACOMA - (WA),53033025006
1G1FZ6EV9V,Pierce,University Place,WA,98467,2027,CHEVROLET,BOLT,Battery Electric Vehicle (BEV),Eligibility unknown as battery range has not been researched,0,28,289579440,"{'type': 'Point', 'coordinates': [-122.50669, 47.20313]}",BONNEVILLE POWER ADMINISTRATION||CITY OF TACOMA - (WA)||PENINSULA LIGHT COMPANY,53053072315
1G1FZ6EV0V,Mason,Shelton,WA,98584,2027,CHEVROLET,BOLT,Battery Electric Vehicle (BEV),Eligibility unknown as battery range has not been researched,0,35,293004463,"{'type': 'Point', 'coordinates': [-123.10616, 47.21253]}",BONNEVILLE POWER ADMINISTRATION||CITY OF TACOMA - (WA)||PUD NO 3 OF MASON COUNTY,53045961000
7PD2EAAB0V,King,Renton,WA,98058,2027,RIVIAN,R2,Battery Electric Vehicle (BEV),Eligibility unknown as battery range has not been researched,0,11,293745294,"{'type': 'Point', 'coordinates': [-122.08747, 47.4466]}",PUGET SOUND ENERGY INC||CITY OF TACOMA - (WA),53033031911
1G1FY6EV2V,Thurston,Tenino,WA,98589,2027,CHEVROLET,BOLT,Battery Electric Vehicle (BEV),Eligibility unknown as battery range has not been researched,0,20,292884049,"{'type': 'Point', 'coordinates': [-122.85135, 46.85752]}",PUGET SOUND ENERGY INC,53067012620
1G1FZ6EV1V,Snohomish,Mountlake Terrace,WA,98043,2027,CHEVROLET,BOLT,Battery Electric Vehicle (BEV),Eligibility unknown as battery range has not been researched,0,1,292348038,"{'type': 'Point', 'coordinates': [-122.31111, 47.78803]}",PUGET SOUND ENERGY INC,53061051200
1G1FY6EV7V,Benton,West Richland,WA,99353,2027,CHEVROLET,BOLT,Battery Electric Vehicle (BEV),Eligibility unknown as battery range has not been researched,0,8,292100133,"{'type': 'Point', 'coordinates': [-119.33836, 46.29696]}",BONNEVILLE POWER ADMINISTRATION||PUD NO 1 OF BENTON COUNTY,53005010707
1G1FY6EV3V,Island,Oak Harbor,WA,98277,2027,CHEVROLET,BOLT,Battery Electric Vehicle (BEV),Eligibility unknown as battery range has not been researched,0,10,290908033,"{'type': 'Point', 'coordinates': [-122.64682, 48.29077]}",PUGET SOUND ENERGY INC,53029970300
1G1FY6EV5V,Snohomish,Lake Stevens,WA,98258,2027,CHEVROLET,BOLT,Battery Electric Vehicle (BEV),Eligibility unknown as battery range has not been researched,0,44,293767414,"{'type': 'Point', 'coordinates': [-122.06402, 48.01497]}",PUGET SOUND ENERGY INC,53061052707
WBY33HG03V,King,Bellevue,WA,98004,2027,BMW,I5,Battery Electric Vehicle (BEV),Eligibility unknown as battery range has not been researched,0,41,294604215,"{'type': 'Point', 'coordinates': [-122.1872, 47.61001]}",PUGET SOUND ENERGY INC||CITY OF TACOMA - (WA),53033023901
WA154BGF8V,King,Seattle,WA,98177,2027,AUDI,Q6,Battery Electric Vehicle (BEV),Eligibility unknown as battery range has not been researched,0,32,292814553,"{'type': 'Point', 'coordinates': [-122.37238, 47.74068]}",CITY OF SEATTLE - (WA)|CITY OF TACOMA - (WA),53033001400
1G1FZ6EV8V,Kitsap,Poulsbo,WA,98370,2027,CHEVROLET,BOLT,Battery Electric Vehicle (BEV),Eligibility unknown as battery range has not been researched,0,23,291655122,"{'type': 'Point', 'coordinates': [-122.64681, 47.73689]}",PUGET SOUND ENERGY INC,53035091100
WMZ13HP02V,King,Bellevue,WA,98004,2027,MINI,COUNTRYMAN,Battery Electric Vehicle (BEV),Eligibility unknown as battery range has not been researched,0,41,294020814,"{'type': 'Point', 'coordinates': [-122.1872, 47.61001]}",PUGET SOUND ENERGY INC||CITY OF TACOMA - (WA),53033023801
WAU5DAGH0V,King,Kirkland,WA,98033,2027,AUDI,A6,Battery Electric Vehicle (BEV),Eligibility unknown as battery range has not been researched,0,45,291005991,"{'type': 'Point', 'coordinates': [-122.2066, 47.67887]}",PUGET SOUND ENERGY INC||CITY OF TACOMA - (WA),53033022401
1G1FY6EV6V,King,Seattle,WA,98122,2027,CHEVROLET,BOLT,Battery Electric Vehicle (BEV),Eligibility unknown as battery range has not been researched,0,37,293009251,"{'type': 'Point', 'coordinates': [-122.31009, 47.60803]}",CITY OF SEATTLE - (WA)|CITY OF TACOMA - (WA),53033007800
7PD2EAAB5V,Clark,Vancouver,WA,98685,2027,RIVIAN,R2,Battery Electric Vehicle (BEV),Eligibility unknown as battery range has not been researched,0,18,294570636,"{'type': 'Point', 'coordinates': [-122.70303, 45.70954]}",BONNEVILLE POWER ADMINISTRATION||PUD NO 1 OF CLARK COUNTY - (WA),53011040907
1G1FY6EV9V,Snohomish,Lynnwood,WA,98087,2027,CHEVROLET,BOLT,Battery Electric Vehicle (BEV),Eligibility unknown as battery range has not been researched,0,21,293825724,"{'type': 'Point', 'coordinates': [-122.27981, 47.85727]}",PUGET SOUND ENERGY INC,53061042004
1G1FY6EVXV,Clark,Vancouver,WA,98683,2027,CHEVROLET,BOLT,Battery Electric Vehicle (BEV),Eligibility unknown as battery range has not been researched,0,18,291373918,"{'type': 'Point', 'coordinates': [-122.49212, 45.60365]}",BONNEVILLE POWER ADMINISTRATION||PUD NO 1 OF CLARK COUNTY - (WA),53011041325
1G1FY6EV3V,Clark,Camas,WA,98607,2027,CHEVROLET,BOLT,Battery Electric Vehicle (BEV),Eligibility unknown as battery range has not been researched,0,18,294872924,"{'type': 'Point', 'coordinates': [-122.40177, 45.58705]}",BONNEVILLE POWER ADMINISTRATION||PUD NO 1 OF CLARK COUNTY - (WA),53011041325
1G1FY6EV3V,Clark,Vancouver,WA,98683,2027,CHEVROLET,BOLT,Battery Electric Vehicle (BEV),Eligibility unknown as battery range has not been researched,0,17,294280381,"{'type': 'Point', 'coordinates': [-122.49212, 45.60365]}",BONNEVILLE POWER ADMINISTRATION||PUD NO 1 OF CLARK COUNTY - (WA),53011041322
1G1FY6EV8V,Thurston,Olympia,WA,98501,2027,CHEVROLET,BOLT,Battery Electric Vehicle (BEV),Eligibility unknown as battery range has not been researched,0,22,292584792,"{'type': 'Point', 'coordinates': [-122.89165, 47.03954]}",PUGET SOUND ENERGY INC,53067010100
1G1FY6EV6V,Kitsap,Bainbridge Island,WA,98110,2027,CHEVROLET,BOLT,Battery Electric Vehicle (BEV),Eligibility unknown as battery range has not been researched,0,23,291883210,"{'type': 'Point', 'coordinates': [-122.521, 47.62759]}",PUGET SOUND ENERGY INC,53035090700
1G1FY6EV2V,King,Bothell,WA,98011,2027,CHEVROLET,BOLT,Battery Electric Vehicle (BEV),Eligibility unknown as battery range has not been researched,0,1,290258545,"{'type': 'Point', 'coordinates': [-122.20563, 47.76144]}",PUGET SOUND ENERGY INC||CITY OF TACOMA - (WA),53033021905
1G1FY6EV0V,Thurston,Olympia,WA,98502,2027,CHEVROLET,BOLT,Battery Electric Vehicle (BEV),Eligibility unknown as battery range has not been researched,0,22,293853654,"{'type': 'Point', 'coordinates': [-122.92018, 47.04575]}",PUGET SOUND ENERGY INC,53067010510
1G1FZ6EV0V,King,Lake Forest Park,WA,98155,2027,CHEVROLET,BOLT,Battery Electric Vehicle (BEV),Eligibility unknown as battery range has not been researched,0,46,290122899,"{'type': 'Point', 'coordinates': [-122.30304, 47.75494]}",CITY OF SEATTLE - (WA)|CITY OF TACOMA - (WA),53033021300
1G1FY6EV3V,King,Seattle,WA,98118,2027,CHEVROLET,BOLT,Battery Electric Vehicle (BEV),Eligibility unknown as battery range has not been researched,0,37,293513629,"{'type': 'Point', 'coordinates': [-122.28083, 47.54693]}",CITY OF SEATTLE - (WA)|CITY OF TACOMA - (WA),53033010301
1G1FZ6EV8V,King,Seattle,WA,98115,2027,CHEVROLET,BOLT,Battery Electric Vehicle (BEV),Eligibility unknown as battery range has not been researched,0,46,292690107,"{'type': 'Point', 'coordinates': [-122.31676, 47.68156]}",CITY OF SEATTLE - (WA)|CITY OF TACOMA - (WA),53033002000
1G1FY6EV5V,Clark,Vancouver,WA,98664,2027,CHEVROLET,BOLT,Battery Electric Vehicle (BEV),Eligibility unknown as battery range has not been researched,0,49,292775955,"{'type': 'Point', 'coordinates': [-122.59219, 45.62158]}",BONNEVILLE POWER ADMINISTRATION||PUD NO 1 OF CLARK COUNTY - (WA),53011041205
7PD2EAAB8V,King,Kent,WA,98031,2027,RIVIAN,R2,Battery Electric Vehicle (BEV),Eligibility unknown as battery range has not been researched,0,33,293490298,"{'type': 'Point', 'coordinates': [-122.17743, 47.41185]}",PUGET SOUND ENERGY INC||CITY OF TACOMA - (WA),53033029208
1G1FY6EV7V,Pierce,Tacoma,WA,98409,2027,CHEVROLET,BOLT,Battery Electric Vehicle (BEV),Eligibility unknown as battery range has not been researched,0,29,293942358,"{'type': 'Point', 'coordinates': [-122.47145, 47.20873]}",BONNEVILLE POWER ADMINISTRATION||CITY OF TACOMA - (WA)||PENINSULA LIGHT COMPANY,53053062802
1G1FY6EVXV,King,Seattle,WA,98105,2027,CHEVROLET,BOLT,Battery Electric Vehicle (BEV),Eligibility unknown as battery range has not been researched,0,46,291064091,"{'type': 'Point', 'coordinates': [-122.31307, 47.66127]}",CITY OF SEATTLE - (WA)|CITY OF TACOMA - (WA),53033004202
1G1FZ6EV9V,Jefferson,Port Townsend,WA,98368,2027,CHEVROLET,BOLT,Battery Electric Vehicle (BEV),Eligibility unknown as battery range has not been researched,0,24,292007236,"{'type': 'Point', 'coordinates': [-122.77263, 48.1212]}",BONNEVILLE POWER ADMINISTRATION||PUGET SOUND ENERGY INC||PUD NO 1 OF JEFFERSON COUNTY,53031950604
1G1FY6EV4V,Clark,Vancouver,WA,98683,2027,CHEVROLET,BOLT,Battery Electric Vehicle (BEV),Eligibility unknown as battery range has not been researched,0,18,292631867,"{'type': 'Point', 'coordinates': [-122.49212, 45.60365]}",BONNEVILLE POWER ADMINISTRATION||PUD NO 1 OF CLARK COUNTY - (WA),53011041328
WAU5DAGH2V,King,Seattle,WA,98177,2027,AUDI,A6,Battery Electric Vehicle (BEV),Eligibility unknown as battery range has not been researched,0,36,292326142,"{'type': 'Point', 'coordinates': [-122.37238, 47.74068]}",CITY OF SEATTLE - (WA)|CITY OF TACOMA - (WA),53033001600
1G1FY6EVXV,Grays Harbor,Ocean Shores,WA,98569,2027,CHEVROLET,BOLT,Battery Electric Vehicle (BEV),Eligibility unknown as battery range has not been researched,0,24,294827228,"{'type': 'Point', 'coordinates': [-124.16408, 47.01156]}",BONNEVILLE POWER ADMINISTRATION||PUD NO 1 OF GRAYS HARBOR COUNTY,53027000202
1G1FZ6EV8V,Kitsap,Olalla,WA,98359,2027,CHEVROLET,BOLT,Battery Electric Vehicle (BEV),Eligibility unknown as battery range has not been researched,0,26,295466580,"{'type': 'Point', 'coordinates': [-122.54729, 47.42602]}",PUGET SOUND ENERGY INC,53035092803
1G1FY6EVXV,King,Seattle,WA,98115,2027,CHEVROLET,BOLT,Battery Electric Vehicle (BEV),Eligibility unknown as battery range has not been researched,0,46,291329629,"{'type': 'Point', 'coordinates': [-122.31676, 47.68156]}",CITY OF SEATTLE - (WA)|CITY OF TACOMA - (WA),53033003900
1G1FZ6EV7V,Cowlitz,Woodland,WA,98674,2027,CHEVROLET,BOLT,Battery Electric Vehicle (BEV),Eligibility unknown as battery range has not been researched,0,20,291650558,"{'type': 'Point', 'coordinates': [-122.74017, 45.9094]}",BONNEVILLE POWER ADMINISTRATION||PUD NO 1 OF COWLITZ COUNTY,53015001501
1G1FY6EV9V,King,Seattle,WA,98119,2027,CHEVROLET,BOLT,Battery Electric Vehicle (BEV),Eligibility unknown as battery range has not been researched,0,36,290670600,"{'type': 'Point', 'coordinates': [-122.36381, 47.63046]}",CITY OF SEATTLE - (WA)|CITY OF TACOMA - (WA),53033005902
WA154BGF3V,King,Bellevue,WA,98006,2027,AUDI,Q6,Battery Electric Vehicle (BEV),Eligibility unknown as battery range has not been researched,0,41,291889944,"{'type': 'Point', 'coordinates': [-122.12096, 47.55584]}",PUGET SOUND ENERGY INC||CITY OF TACOMA - (WA),53033024704
1G1FY6EV1V,King,Seattle,WA,98103,2027,CHEVROLET,BOLT,Battery Electric Vehicle (BEV),Eligibility unknown as battery range has not been researched,0,43,294174709,"{'type': 'Point', 'coordinates': [-122.35436, 47.67596]}",CITY OF SEATTLE - (WA)|CITY OF TACOMA - (WA),53033005401
1G1FZ6EV7V,King,Kent,WA,98032,2027,CHEVROLET,BOLT,Battery Electric Vehicle (BEV),Eligibility unknown as battery range has not been researched,0,33,291164107,"{'type': 'Point', 'coordinates': [-122.23741, 47.3807]}",PUGET SOUND ENERGY INC||CITY OF TACOMA - (WA),53033029206
1G1FY6EV4V,King,Sammamish,WA,98074,2027,CHEVROLET,BOLT,Battery Electric Vehicle (BEV),Eligibility unknown as battery range has not been researched,0,45,289834688,"{'type': 'Point', 'coordinates': [-122.02054, 47.60326]}",PUGET SOUND ENERGY INC||CITY OF TACOMA - (WA),53033032225
WA154BGF1V,King,Seattle,WA,98105,2027,AUDI,Q6,Battery Electric Vehicle (BEV),Eligibility unknown as battery range has not been researched,0,46,291971634,"{'type': 'Point', 'coordinates': [-122.31307, 47.66127]}",CITY OF SEATTLE - (WA)|CITY OF TACOMA - (WA),53033004101
1G1FY6EV5V,Clark,Battle Ground,WA,98604,2027,CHEVROLET,BOLT,Battery Electric Vehicle (BEV),Eligibility unknown as battery range has not been researched,0,17,292263282,"{'type': 'Point', 'coordinates': [-122.5331, 45.78092]}",BONNEVILLE POWER ADMINISTRATION||PUD NO 1 OF CLARK COUNTY - (WA),53011040408
1G1FY6EV2V,Kitsap,Silverdale,WA,98383,2027,CHEVROLET,BOLT,Battery Electric Vehicle (BEV),Eligibility unknown as battery range has not been researched,0,23,294466721,"{'type': 'Point', 'coordinates': [-122.69275, 47.65171]}",PUGET SOUND ENERGY INC,53035091205
1G1FZ6EV0V,Snohomish,Mill Creek,WA,98012,2027,CHEVROLET,BOLT,Battery Electric Vehicle (BEV),Eligibility unknown as battery range has not been researched,0,44,291890924,"{'type': 'Point', 'coordinates': [-122.20105, 47.84423]}",PUGET SOUND ENERGY INC,53061052004
WBA13FK04V,Snohomish,Lynnwood,WA,98036,2027,BMW,550E,Battery Electric Vehicle (BEV),Eligibility unknown as battery range has not been researched,0,1,293092677,"{'type': 'Point', 'coordinates': [-122.29245, 47.82557]}",PUGET SOUND ENERGY INC,53061051931
1G1FY6EV2V,King,Renton,WA,98058,2027,CHEVROLET,BOLT,Battery Electric Vehicle (BEV),Eligibility unknown as battery range has not been researched,0,11,293318028,"{'type': 'Point', 'coordinates': [-122.08747, 47.4466]}",PUGET SOUND ENERGY INC||CITY OF TACOMA - (WA),53033031910
1G1FY6EV1V,Snohomish,Snohomish,WA,98290,2027,CHEVROLET,BOLT,Battery Electric Vehicle (BEV),Eligibility unknown as battery range has not been researched,0,44,290113806,"{'type': 'Point', 'coordinates': [-122.09305, 47.91265]}",PUGET SOUND ENERGY INC,53061052401
WAU5DAGH9V,Snohomish,Lake Stevens,WA,98258,2027,AUDI,A6,Battery Electric Vehicle (BEV),Eligibility unknown as battery range has not been researched,0,44,292584575,"{'type': 'Point', 'coordinates': [-122.06402, 48.01497]}",PUGET SOUND ENERGY INC,53061052603
1G1FZ6EV6V,King,Kirkland,WA,98033,2027,CHEVROLET,BOLT,Battery Electric Vehicle (BEV),Eligibility unknown as battery range has not been researched,0,48,291384103,"{'type': 'Point', 'coordinates': [-122.2066, 47.67887]}",PUGET SOUND ENERGY INC||CITY OF TACOMA - (WA),53033022502
1G1FY6EV6V,King,Seattle,WA,98133,2027,CHEVROLET,BOLT,Battery Electric Vehicle (BEV),Eligibility unknown as battery range has not been researched,0,46,293526537,"{'type': 'Point', 'coordinates': [-122.33364, 47.73709]}",CITY OF SEATTLE - (WA)|CITY OF TACOMA - (WA),53033000602
1G1FZ6EV8V,King,Kent,WA,98030,2027,CHEVROLET,BOLT,Battery Electric Vehicle (BEV),Eligibility unknown as battery range has not been researched,0,47,291049895,"{'type': 'Point', 'coordinates': [-122.19976, 47.37483]}",PUGET SOUND ENERGY INC||CITY OF TACOMA - (WA),53033029508
1G1FY6EVXV,King,Redmond,WA,98052,2027,CHEVROLET,BOLT,Battery Electric Vehicle (BEV),Eligibility unknown as battery range has not been researched,0,48,294690924,"{'type': 'Point', 'coordinates': [-122.13158, 47.67858]}",PUGET SOUND ENERGY INC||CITY OF TACOMA - (WA),53033022802
1G1FZ6EVXV,King,Tukwila,WA,98168,2027,CHEVROLET,BOLT,Battery Electric Vehicle (BEV),Eligibility unknown as battery range has not been researched,0,11,294242945,"{'type': 'Point', 'coordinates': [-122.29411, 47.48924]}",CITY OF SEATTLE - (WA)|CITY OF TACOMA - (WA),53033026200
1G1FY6EV2V,Thurston,Olympia,WA,98502,2027,CHEVROLET,BOLT,Battery Electric Vehicle (BEV),Eligibility unknown as battery range has not been researched,0,22,292803185,"{'type': 'Point', 'coordinates': [-122.92018, 47.04575]}",PUGET SOUND ENERGY INC,53067012001
1G1FZ6EV7V,Snohomish,Monroe,WA,98272,2027,CHEVROLET,BOLT,Battery Electric Vehicle (BEV),Eligibility unknown as battery range has not been researched,0,39,292389471,"{'type': 'Point', 'coordinates': [-121.98087, 47.8526]}",PUGET SOUND ENERGY INC,53061052208
1G1FY6EV2V,Clark,Ridgefield,WA,98642,2027,CHEVROLET,BOLT,Battery Electric Vehicle (BEV),Eligibility unknown as battery range has not been researched,0,18,292583154,"{'type': 'Point', 'coordinates': [-122.74595, 45.81539]}",BONNEVILLE POWER ADMINISTRATION||PUD NO 1 OF CLARK COUNTY - (WA),53011040305
1G1FY6EV1V,King,Shoreline,WA,98177,2027,CHEVROLET,BOLT,Battery Electric Vehicle (BEV),Eligibility unknown as battery range has not been researched,0,32,292051000,"{'type': 'Point', 'coordinates': [-122.37238, 47.74068]}",CITY OF SEATTLE - (WA)|CITY OF TACOMA - (WA),53033020200
7PD2EAAB2V,King,Carnation,WA,98014,2027,RIVIAN,R2,Battery Electric Vehicle (BEV),Eligibility unknown as battery range has not been researched,0,5,293709566,"{'type': 'Point', 'coordinates': [-121.91353, 47.64901]}",PUGET SOUND ENERGY INC||CITY OF TACOMA - (WA),53033032402
1G1FZ6EV4V,Snohomish,Snohomish,WA,98296,2027,CHEVROLET,BOLT,Battery Electric Vehicle (BEV),Eligibility unknown as battery range has not been researched,0,44,291901704,"{'type': 'Point', 'coordinates': [-122.1389, 47.87115]}",PUGET SOUND ENERGY INC,53061052120
1G1FY6EV3V,Pierce,Tacoma,WA,98407,2027,CHEVROLET,BOLT,Battery Electric Vehicle (BEV),Eligibility unknown as battery range has not been researched,0,27,291762453,"{'type': 'Point', 'coordinates': [-122.54304, 47.31803]}",BONNEVILLE POWER ADMINISTRATION||CITY OF TACOMA - (WA)||PENINSULA LIGHT COMPANY,53053060500
WBS83GV06V,San Juan,Friday Harbor,WA,98250,2027,BMW,M5,Plug-in Hybrid Electric Vehicle (PHEV),Not eligible due to low battery range,25,40,292853081,"{'type': 'Point', 'coordinates': [-123.01648, 48.53448]}",BONNEVILLE POWER ADMINISTRATION||ORCAS POWER & LIGHT COOP,53055960302
1G1FZ6EV4V,Whatcom,Bellingham,WA,98226,2027,CHEVROLET,BOLT,Battery Electric Vehicle (BEV),Eligibility unknown as battery range has not been researched,0,42,290732522,"{'type': 'Point', 'coordinates': [-122.49756, 48.7999]}",PUGET SOUND ENERGY INC||PUD NO 1 OF WHATCOM COUNTY,53073010701
WA164BGF2V,King,Seattle,WA,98107,2027,AUDI,Q6,Battery Electric Vehicle (BEV),Eligibility unknown as battery range has not been researched,0,36,291165647,"{'type': 'Point', 'coordinates': [-122.38591, 47.67597]}",CITY OF SEATTLE - (WA)|CITY OF TACOMA - (WA),53033004701
1G1FY6EV8V,Whatcom,Bellingham,WA,98226,2027,CHEVROLET,BOLT,Battery Electric Vehicle (BEV),Eligibility unknown as battery range has not been researched,0,42,290254233,"{'type': 'Point', 'coordinates': [-122.49756, 48.7999]}",PUGET SOUND ENERGY INC||PUD NO 1 OF WHATCOM COUNTY,53073000202
1G1FY6EV4V,Clark,Vancouver,WA,98683,2027,CHEVROLET,BOLT,Battery Electric Vehicle (BEV),Eligibility unknown as battery range has not been researched,0,17,290453901,"{'type': 'Point', 'coordinates': [-122.49212, 45.60365]}",BONNEVILLE POWER ADMINISTRATION||PUD NO 1 OF CLARK COUNTY - (WA),53011041310
1G1FY6EV3V,Snohomish,Brier,WA,98036,2027,CHEVROLET,BOLT,Battery Electric Vehicle (BEV),Eligibility unknown as battery range has not been researched,0,1,292078608,"{'type': 'Point', 'coordinates': [-122.29245, 47.82557]}",PUGET SOUND ENERGY INC,53061051913
1G1FY6EV0V,King,Renton,WA,98055,2027,CHEVROLET,BOLT,Battery Electric Vehicle (BEV),Eligibility unknown as battery range has not been researched,0,11,293782786,"{'type': 'Point', 'coordinates': [-122.19488, 47.44034]}",PUGET SOUND ENERGY INC||CITY OF TACOMA - (WA),53033025805
1G1FY6EV7V,Cowlitz,Longview,WA,98632,2027,CHEVROLET,BOLT,Battery Electric Vehicle (BEV),Eligibility unknown as battery range has not been researched,0,19,292487758,"{'type': 'Point', 'coordinates': [-122.95058, 46.14681]}",BONNEVILLE POWER ADMINISTRATION||PUD NO 1 OF COWLITZ COUNTY,53015000400
1G1FY6EV3V,Snohomish,Edmonds,WA,98020,2027,CHEVROLET,BOLT,Battery Electric Vehicle (BEV),Eligibility unknown as battery range has not been researched,0,21,293772314,"{'type': 'Point', 'coordinates': [-122.37695, 47.81113]}",PUGET SOUND ENERGY INC,53061050403
1G1FZ6EV4V,Jefferson,Port Townsend,WA,98368,2027,CHEVROLET,BOLT,Battery Electric Vehicle (BEV),Eligibility unknown as battery range has not been researched,0,24,292339582,"{'type': 'Point', 'coordinates': [-122.77263, 48.1212]}",BONNEVILLE POWER ADMINISTRATION||PUGET SOUND ENERGY INC||PUD NO 1 OF JEFFERSON COUNTY,53031950502
1G1FZ6EV2V,Pierce,Tacoma,WA,98407,2027,CHEVROLET,BOLT,Battery Electric Vehicle (BEV),Eligibility unknown as battery range has not been researched,0,27,292403030,"{'type': 'Point', 'coordinates': [-122.54304, 47.31803]}",BONNEVILLE POWER ADMINISTRATION||CITY OF TACOMA - (WA)||PENINSULA LIGHT COMPANY,53053060300
1G1FY6EV4V,Whitman,Pullman,WA,99163,2027,CHEVROLET,BOLT,Battery Electric Vehicle (BEV),Eligibility unknown as battery range has not been researched,0,9,292800413,"{'type': 'Point', 'coordinates': [-117.18147, 46.73015]}",BONNEVILLE POWER ADMINISTRATION||AVISTA CORP||INLAND POWER & LIGHT COMPANY,53075000201
1G1FY6EV5V,Spokane,Spokane,WA,99207,2027,CHEVROLET,BOLT,Battery Electric Vehicle (BEV),Eligibility unknown as battery range has not been researched,0,3,293830960,"{'type': 'Point', 'coordinates': [-117.3973, 47.67573]}",MODERN ELECTRIC WATER COMPANY,53063001600
WAU3EAGH8V,King,Normandy Park,WA,98166,2027,AUDI,S6,Battery Electric Vehicle (BEV),Eligibility unknown as battery range has not been researched,0,33,295778500,"{'type': 'Point', 'coordinates': [-122.34731, 47.45207]}",PUGET SOUND ENERGY INC||CITY OF TACOMA - (WA),53033028600
1G1FY6EVXV,King,Auburn,WA,98002,2027,CHEVROLET,BOLT,Battery Electric Vehicle (BEV),Eligibility unknown as battery range has not been researched,0,31,291663249,"{'type': 'Point', 'coordinates': [-122.2229, 47.307]}",PUGET SOUND ENERGY INC||CITY OF TACOMA - (WA),53033031102
1G1FY6EV6V,Cowlitz,Longview,WA,98632,2027,CHEVROLET,BOLT,Battery Electric Vehicle (BEV),Eligibility unknown as battery range has not been researched,0,19,291913450,"{'type': 'Point', 'coordinates': [-122.95058, 46.14681]}",BONNEVILLE POWER ADMINISTRATION||PUD NO 1 OF COWLITZ COUNTY,53015000400
1G1FZ6EV1V,King,Covington,WA,98042,2027,CHEVROLET,BOLT,Battery Electric Vehicle (BEV),Eligibility unknown as battery range has not been researched,0,47,292709651,"{'type': 'Point', 'coordinates': [-122.10798, 47.37124]}",PUGET SOUND ENERGY INC||CITY OF TACOMA - (WA),53033032006
1G1FY6EV0V,King,Renton,WA,98055,2027,CHEVROLET,BOLT,Battery Electric Vehicle (BEV),Eligibility unknown as battery range has not been researched,0,11,290152313,"{'type': 'Point', 'coordinates': [-122.19488, 47.44034]}",PUGET SOUND ENERGY INC||CITY OF TACOMA - (WA),53033025805
1G1FZ6EV1V,King,Seattle,WA,98122,2027,CHEVROLET,BOLT,Battery Electric Vehicle (BEV),Eligibility unknown as battery range has not been researched,0,37,290068607,"{'type': 'Point', 'coordinates': [-122.31009, 47.60803]}",CITY OF SEATTLE - (WA)|CITY OF TACOMA - (WA),53033007700
1G1FY6EV4V,Douglas,East Wenatchee,WA,98802,2027,CHEVROLET,BOLT,Battery Electric Vehicle (BEV),Eligibility unknown as battery range has not been researched,0,12,293368701,"{'type': 'Point', 'coordinates': [-120.29473, 47.41515]}",PUD NO 1 OF DOUGLAS COUNTY,53017950300
WA125BGF6V,King,Sammamish,WA,98075,2027,AUDI,SQ6,Battery Electric Vehicle (BEV),Eligibility unknown as battery range has not been researched,0,41,292546390,"{'type': 'Point', 'coordinates': [-122.03539, 47.61344]}",PUGET SOUND ENERGY INC||CITY OF TACOMA - (WA),53033032218
1G1FZ6EVXV,Clallam,Port Angeles,WA,98363,2027,CHEVROLET,BOLT,Battery Electric Vehicle (BEV),Eligibility unknown as battery range has not been researched,0,24,290987721,"{'type': 'Point', 'coordinates': [-123.46101, 48.11892]}",BONNEVILLE POWER ADMINISTRATION||CITY OF PORT ANGELES - (WA),53009000700
1G1FY6EVXV,King,Redmond,WA,98052,2027,CHEVROLET,BOLT,Battery Electric Vehicle (BEV),Eligibility unknown as battery range has not been researched,0,48,292444827,"{'type': 'Point', 'coordinates': [-122.13158, 47.67858]}",PUGET SOUND ENERGY INC||CITY OF TACOMA - (WA),53033032331
1G1FZ6EV6V,Spokane,Spokane,WA,99207,2027,CHEVROLET,BOLT,Battery Electric Vehicle (BEV),Eligibility unknown as battery range has not been researched,0,3,293923556,"{'type': 'Point', 'coordinates': [-117.3973, 47.67573]}",BONNEVILLE POWER ADMINISTRATION||AVISTA CORP||INLAND POWER & LIGHT COMPANY,53063001400
1G1FY6EV4V,King,Seattle,WA,98112,2027,CHEVROLET,BOLT,Battery Electric Vehicle (BEV),Eligibility unknown as battery range has not been researched,0,43,291778553,"{'type': 'Point', 'coordinates': [-122.30207, 47.64085]}",CITY OF SEATTLE - (WA)|CITY OF TACOMA - (WA),53033006300
1G1FY6EV7V,King,Seattle,WA,98107,2027,CHEVROLET,BOLT,Battery Electric Vehicle (BEV),Eligibility unknown as battery range has not been researched,0,36,290901355,"{'type': 'Point', 'coordinates': [-122.38591, 47.67597]}",CITY OF SEATTLE - (WA)|CITY OF TACOMA - (WA),53033004703
1G1FZ6EV5V,King,Issaquah,WA,98029,2027,CHEVROLET,BOLT,Battery Electric Vehicle (BEV),Eligibility unknown as battery range has not been researched,0,5,293068478,"{'type': 'Point', 'coordinates': [-122.01656, 47.57118]}",PUGET SOUND ENERGY INC||CITY OF TACOMA - (WA),53033032220
1G1FY6EV2V,Snohomish,Mountlake Terrace,WA,98043,2027,CHEVROLET,BOLT,Battery Electric Vehicle (BEV),Eligibility unknown as battery range has not been researched,0,1,294629639,"{'type': 'Point', 'coordinates': [-122.31111, 47.78803]}",PUGET SOUND ENERGY INC,53061051302
1G1FY6EV8V,King,Seattle,WA,98115,2027,CHEVROLET,BOLT,Battery Electric Vehicle (BEV),Eligibility unknown as battery range has not been researched,0,46,292610342,"{'type': 'Point', 'coordinates': [-122.31676, 47.68156]}",CITY OF SEATTLE - (WA)|CITY OF TACOMA - (WA),53033002500
1G1FY6EVXV,King,Covington,WA,98042,2027,CHEVROLET,BOLT,Battery Electric Vehicle (BEV),Eligibility unknown as battery range has not been researched,0,47,292893562,"{'type': 'Point', 'coordinates': [-122.10798, 47.37124]}",PUGET SOUND ENERGY INC||CITY OF TACOMA - (WA),53033031705
1G1FY6EV5V,King,Sammamish,WA,98075,2027,CHEVROLET,BOLT,Battery Electric Vehicle (BEV),Eligibility unknown as battery range has not been researched,0,41,293853276,"{'type': 'Point', 'coordinates': [-122.03539, 47.61344]}",PUGET SOUND ENERGY INC||CITY OF TACOMA - (WA),53033032215
1G1FZ6EV6V,King,Seattle,WA,98109,2027,CHEVROLET,BOLT,Battery Electric Vehicle (BEV),Eligibility unknown as battery range has not been researched,0,36,292877882,"{'type': 'Point', 'coordinates': [-122.34845, 47.63283]}",CITY OF SEATTLE - (WA)|CITY OF TACOMA - (WA),53033006701
1G1FZ6EV4V,King,Seattle,WA,98199,2027,CHEVROLET,BOLT,Battery Electric Vehicle (BEV),Eligibility unknown as battery range has not been researched,0,36,293076605,"{'type': 'Point', 'coordinates': [-122.40092, 47.65908]}",CITY OF SEATTLE - (WA)|CITY OF TACOMA - (WA),53033005600
1G1FY6EV5V,Kitsap,Kingston,WA,98346,2027,CHEVROLET,BOLT,Battery Electric Vehicle (BEV),Eligibility unknown as battery range has not been researched,0,23,292484153,"{'type': 'Point', 'coordinates': [-122.4977, 47.79802]}",PUGET SOUND ENERGY INC,53035090102
1G1FY6EV1V,Jefferson,Port Townsend,WA,98368,2027,CHEVROLET,BOLT,Battery Electric Vehicle (BEV),Eligibility unknown as battery range has not been researched,0,24,292589615,"{'type': 'Point', 'coordinates': [-122.77263, 48.1212]}",BONNEVILLE POWER ADMINISTRATION||PUGET SOUND ENERGY INC||PUD NO 1 OF JEFFERSON COUNTY,53031950604
WA154BGFXV,Clark,Camas,WA,98607,2027,AUDI,Q6,Battery Electric Vehicle (BEV),Eligibility unknown as battery range has not been researched,0,18,293874486,"{'type': 'Point', 'coordinates': [-122.40177, 45.58705]}",BONNEVILLE POWER ADMINISTRATION||PUD NO 1 OF CLARK COUNTY - (WA),53011040609
1G1FZ6EV5V,King,Sammamish,WA,98075,2027,CHEVROLET,BOLT,Battery Electric Vehicle (BEV),Eligibility unknown as battery range has not been researched,0,41,293222324,"{'type': 'Point', 'coordinates': [-122.03539, 47.61344]}",PUGET SOUND ENERGY INC||CITY OF TACOMA - (WA),53033032207
1G1FY6EV1V,Clark,Battle Ground,WA,98604,2027,CHEVROLET,BOLT,Battery Electric Vehicle (BEV),Eligibility unknown as battery range has not been researched,0,18,293232264,"{'type': 'Point', 'coordinates': [-122.5331, 45.78092]}",BONNEVILLE POWER ADMINISTRATION||PUD NO 1 OF CLARK COUNTY - (WA),53011040505
1G1FZ6EV0V,King,Shoreline,WA,98133,2027,CHEVROLET,BOLT,Battery Electric Vehicle (BEV),Eligibility unknown as battery range has not been researched,0,32,290050925,"{'type': 'Point', 'coordinates': [-122.33364, 47.73709]}",CITY OF SEATTLE - (WA)|CITY OF TACOMA - (WA),53033020600
7PD2EAAB3V,King,Seattle,WA,98103,2027,RIVIAN,R2,Battery Electric Vehicle (BEV),Eligibility unknown as battery range has not been researched,0,46,293957982,"{'type': 'Point', 'coordinates': [-122.35436, 47.67596]}",CITY OF SEATTLE - (WA)|CITY OF TACOMA - (WA),53033001900
1G1FY6EV4V,Clark,Amboy,WA,98601,2027,CHEVROLET,BOLT,Battery Electric Vehicle (BEV),Eligibility unknown as battery range has not been researched,0,20,293980011,"{'type': 'Point', 'coordinates': [-122.42148, 45.91958]}",BONNEVILLE POWER ADMINISTRATION||PUD NO 1 OF CLARK COUNTY - (WA),53011040101
WBA13FK02V,King,Bellevue,WA,98008,2027,BMW,550E,Battery Electric Vehicle (BEV),Eligibility unknown as battery range has not been researched,0,48,293550197,"{'type': 'Point', 'coordinates': [-122.11867, 47.63131]}",PUGET SOUND ENERGY INC||CITY OF TACOMA - (WA),53033023000
1G1FY6EV3V,King,Maple Valley,WA,98038,2027,CHEVROLET,BOLT,Battery Electric Vehicle (BEV),Eligibility unknown as battery range has not been researched,0,5,293828244,"{'type': 'Point', 'coordinates': [-122.04526, 47.39394]}",PUGET SOUND ENERGY INC||CITY OF TACOMA - (WA),53033031604
1G1FY6EV8V,King,Des Moines,WA,98198,2027,CHEVROLET,BOLT,Battery Electric Vehicle (BEV),Eligibility unknown as battery range has not been researched,0,33,294573919,"{'type': 'Point', 'coordinates': [-122.30615, 47.38542]}",PUGET SOUND ENERGY INC||CITY OF TACOMA - (WA),53033028700
1G1FY6EV5V,Clark,Ridgefield,WA,98642,2027,CHEVROLET,BOLT,Battery Electric Vehicle (BEV),Eligibility unknown as battery range has not been researched,0,18,294927055,"{'type': 'Point', 'coordinates': [-122.74595, 45.81539]}",BONNEVILLE POWER ADMINISTRATION||PUD NO 1 OF CLARK COUNTY - (WA),53011040304
1G1FY6EV5V,King,Redmond,WA,98052,2027,CHEVROLET,BOLT,Battery Electric Vehicle (BEV),Eligibility unknown as battery range has not been researched,0,48,293532480,"{'type': 'Point', 'coordinates': [-122.13158, 47.67858]}",PUGET SOUND ENERGY INC||CITY OF TACOMA - (WA),53033032324
WA154BGFXV,King,Mercer Island,WA,98040,2027,AUDI,Q6,Battery Electric Vehicle (BEV),Eligibility unknown as battery range has not been researched,0,41,292894094,"{'type': 'Point', 'coordinates': [-122.21238, 47.57816]}",PUGET SOUND ENERGY INC||CITY OF TACOMA - (WA),53033024500
1G1FY6EV6V,Clark,Vancouver,WA,98661,2027,CHEVROLET,BOLT,Battery Electric Vehicle (BEV),Eligibility unknown as battery range has not been researched,0,49,292515345,"{'type': 'Point', 'coordinates': [-122.62934, 45.63201]}",BONNEVILLE POWER ADMINISTRATION||PUD NO 1 OF CLARK COUNTY - (WA),53011042800
WA1F4BGF1V,King,Lake Forest Park,WA,98155,2027,AUDI,Q6,Battery Electric Vehicle (BEV),Eligibility unknown as battery range has not been researched,0,46,292227379,"{'type': 'Point', 'coordinates': [-122.30304, 47.75494]}",PUGET SOUND ENERGY INC||CITY OF TACOMA - (WA),53033021500
1G1FZ6EV1V,Kitsap,Kingston,WA,98346,2027,CHEVROLET,BOLT,Battery Electric Vehicle (BEV),Eligibility unknown as battery range has not been researched,0,23,292994502,"{'type': 'Point', 'coordinates': [-122.4977, 47.79802]}",PUGET SOUND ENERGY INC,53035090102
1G1FY6EV9V,Snohomish,Monroe,WA,98272,2027,CHEVROLET,BOLT,Battery Electric Vehicle (BEV),Eligibility unknown as battery range has not been researched,0,39,291110382,"{'type': 'Point', 'coordinates': [-121.98087, 47.8526]}",BONNEVILLE POWER ADMINISTRATION||PUD 1 OF SNOHOMISH COUNTY,53061053801
1G1FZ6EV9V,King,Bellevue,WA,98004,2027,CHEVROLET,BOLT,Battery Electric Vehicle (BEV),Eligibility unknown as battery range has not been researched,0,41,291295497,"{'type': 'Point', 'coordinates': [-122.1872, 47.61001]}",PUGET SOUND ENERGY INC||CITY OF TACOMA - (WA),53033023808
WBS83GV07V,Clark,Camas,WA,98607,2027,BMW,M5,Plug-in Hybrid Electric Vehicle (PHEV),Not eligible due to low battery range,25,18,295853848,"{'type': 'Point', 'coordinates': [-122.40177, 45.58705]}",BONNEVILLE POWER ADMINISTRATION||PUD NO 1 OF CLARK COUNTY - (WA),53011040610
1G1FZ6EV7V,Kitsap,Port Orchard,WA,98366,2027,CHEVROLET,BOLT,Battery Electric Vehicle (BEV),Eligibility unknown as battery range has not been researched,0,26,290431844,"{'type': 'Point', 'coordinates': [-122.63848, 47.5414]}",PUGET SOUND ENERGY INC,53035092400
1G1FZ6EV5V,King,Kent,WA,98031,2027,CHEVROLET,BOLT,Battery Electric Vehicle (BEV),Eligibility unknown as battery range has not been researched,0,47,289802159,"{'type': 'Point', 'coordinates': [-122.17743, 47.41185]}",PUGET SOUND ENERGY INC||CITY OF TACOMA - (WA),53033029406
1G1FZ6EV6V,Clark,Vancouver,WA,98684,2027,CHEVROLET,BOLT,Battery Electric Vehicle (BEV),Eligibility unknown as battery range has not been researched,0,17,292216725,"{'type': 'Point', 'coordinates': [-122.48723, 45.63701]}",BONNEVILLE POWER ADMINISTRATION||PUD NO 1 OF CLARK COUNTY - (WA),53011041337
1G1FY6EV2V,King,Seattle,WA,98118,2027,CHEVROLET,BOLT,Battery Electric Vehicle (BEV),Eligibility unknown as battery range has not been researched,0,37,293106691,"{'type': 'Point', 'coordinates': [-122.28083, 47.54693]}",CITY OF SEATTLE - (WA)|CITY OF TACOMA - (WA),53033010302
1G1FY6EVXV,King,Kent,WA,98030,2027,CHEVROLET,BOLT,Battery Electric Vehicle (BEV),Eligibility unknown as battery range has not been researched,0,47,293226832,"{'type': 'Point', 'coordinates': [-122.19976, 47.37483]}",PUGET SOUND ENERGY INC||CITY OF TACOMA - (WA),53033029508
1G1FZ6EV4V,King,Seattle,WA,98119,2027,CHEVROLET,BOLT,Battery Electric Vehicle (BEV),Eligibility unknown as battery range has not been researched,0,36,292634814,"{'type': 'Point', 'coordinates': [-122.36381, 47.63046]}",CITY OF SEATTLE - (WA)|CITY OF TACOMA - (WA),53033006000
1G1FY6EV9V,King,Sammamish,WA,98074,2027,CHEVROLET,BOLT,Battery Electric Vehicle (BEV),Eligibility unknown as battery range has not been researched,0,45,291855994,"{'type': 'Point', 'coordinates': [-122.02054, 47.60326]}",PUGET SOUND ENERGY INC||CITY OF TACOMA - (WA),53033032225
1G1FY6EVXV,King,Bellevue,WA,98004,2027,CHEVROLET,BOLT,Battery Electric Vehicle (BEV),Eligibility unknown as battery range has not been researched,0,41,294700612,"{'type': 'Point', 'coordinates': [-122.1872, 47.61001]}",PUGET SOUND ENERGY INC||CITY OF TACOMA - (WA),53033023901
WA164BGF7V,King,Seattle,WA,98125,2027,AUDI,Q6,Battery Electric Vehicle (BEV),Eligibility unknown as battery range has not been researched,0,46,293139269,"{'type': 'Point', 'coordinates': [-122.30253, 47.72656]}",CITY OF SEATTLE - (WA)|CITY OF TACOMA - (WA),53033000700
1G1FY6EV3V,Clark,Washougal,WA,98671,2027,CHEVROLET,BOLT,Battery Electric Vehicle (BEV),Eligibility unknown as battery range has not been researched,0,18,295710180,"{'type': 'Point', 'coordinates': [-122.35341, 45.57923]}",BONNEVILLE POWER ADMINISTRATION||PUD NO 1 OF CLARK COUNTY - (WA),53011040513
1G1FY6EV7V,Clark,Vancouver,WA,98662,2027,CHEVROLET,BOLT,Battery Electric Vehicle (BEV),Eligibility unknown as battery range has not been researched,0,49,294804751,"{'type': 'Point', 'coordinates': [-122.57722, 45.64251]}",BONNEVILLE POWER ADMINISTRATION||PUD NO 1 OF CLARK COUNTY - (WA),53011041203
1G1FZ6EV9V,Kitsap,Port Orchard,WA,98367,2027,CHEVROLET,BOLT,Battery Electric Vehicle (BEV),Eligibility unknown as battery range has not been researched,0,26,293075359,"{'type': 'Point', 'coordinates': [-122.68516, 47.50645]}",PUGET SOUND ENERGY INC,53035092102
1G1FY6EV1V,Thurston,Olympia,WA,98502,2027,CHEVROLET,BOLT,Battery Electric Vehicle (BEV),Eligibility unknown as battery range has not been researched,0,22,294764620,"{'type': 'Point', 'coordinates': [-122.92018, 47.04575]}",PUGET SOUND ENERGY INC,53067012002
1G1FZ6EV6V,King,Auburn,WA,98092,2027,CHEVROLET,BOLT,Battery Electric Vehicle (BEV),Eligibility unknown as battery range has not been researched,0,47,290867559,"{'type': 'Point', 'coordinates': [-122.18263, 47.31825]}",PUGET SOUND ENERGY INC||CITY OF TACOMA - (WA),53033029702
1G1FY6EV5V,Thurston,Olympia,WA,98501,2027,CHEVROLET,BOLT,Battery Electric Vehicle (BEV),Eligibility unknown as battery range has not been researched,0,22,293788232,"{'type': 'Point', 'coordinates': [-122.89165, 47.03954]}",PUGET SOUND ENERGY INC,53067010100
1G1FY6EV9V,King,Kirkland,WA,98033,2027,CHEVROLET,BOLT,Battery Electric Vehicle (BEV),Eligibility unknown as battery range has not been researched,0,45,291697465,"{'type': 'Point', 'coordinates': [-122.2066, 47.67887]}",PUGET SOUND ENERGY INC||CITY OF TACOMA - (WA),53033022402
1G1FZ6EV9V,King,Seattle,WA,98115,2027,CHEVROLET,BOLT,Battery Electric Vehicle (BEV),Eligibility unknown as battery range has not been researched,0,46,289802362,"{'type': 'Point', 'coordinates': [-122.31676, 47.68156]}",CITY OF SEATTLE - (WA)|CITY OF TACOMA - (WA),53033004202
1G1FZ6EV5V,Pierce,Lakewood,WA,98498,2027,CHEVROLET,BOLT,Battery Electric Vehicle (BEV),Eligibility unknown as battery range has not been researched,0,28,292462964,"{'type': 'Point', 'coordinates': [-122.54764, 47.17669]}",PUGET SOUND ENERGY INC||CITY OF TACOMA - (WA),53053072107
1G1FY6EV4V,Snohomish,Everett,WA,98204,2027,CHEVROLET,BOLT,Battery Electric Vehicle (BEV),Eligibility unknown as battery range has not been researched,0,21,292597714,"{'type': 'Point', 'coordinates': [-122.27557, 47.88936]}",PUGET SOUND ENERGY INC,53061041810
1G1FZ6EVXV,King,Kirkland,WA,98033,2027,CHEVROLET,BOLT,Battery Electric Vehicle (BEV),Eligibility unknown as battery range has not been researched,0,45,292391760,"{'type': 'Point', 'coordinates': [-122.2066, 47.67887]}",PUGET SOUND ENERGY INC||CITY OF TACOMA - (WA),53033022401
1G1FZ6EV2V,King,Seattle,WA,98116,2027,CHEVROLET,BOLT,Battery Electric Vehicle (BEV),Eligibility unknown as battery range has not been researched,0,34,293897922,"{'type': 'Point', 'coordinates': [-122.41067, 47.57894]}",CITY OF SEATTLE - (WA)|CITY OF TACOMA - (WA),53033009802
1G1FY6EV6V,King,Seattle,WA,98115,2027,CHEVROLET,BOLT,Battery Electric Vehicle (BEV),Eligibility unknown as battery range has not been researched,0,46,292548994,"{'type': 'Point', 'coordinates': [-122.31676, 47.68156]}",CITY OF SEATTLE - (WA)|CITY OF TACOMA - (WA),53033002400
WA125BGF5V,King,Sammamish,WA,98075,2027,AUDI,SQ6,Battery Electric Vehicle (BEV),Eligibility unknown as battery range has not been researched,0,41,292012752,"{'type': 'Point', 'coordinates': [-122.03539, 47.61344]}",PUGET SOUND ENERGY INC||CITY OF TACOMA - (WA),53033032218
1G1FZ6EV5V,King,Seattle,WA,98117,2027,CHEVROLET,BOLT,Battery Electric Vehicle (BEV),Eligibility unknown as battery range has not been researched,0,36,291580026,"{'type': 'Point', 'coordinates': [-122.38418, 47.70044]}",CITY OF SEATTLE - (WA)|CITY OF TACOMA - (WA),53033003202
1G1FY6EV2V,King,Shoreline,WA,98133,2027,CHEVROLET,BOLT,Battery Electric Vehicle (BEV),Eligibility unknown as battery range has not been researched,0,32,292928233,"{'type': 'Point', 'coordinates': [-122.33364, 47.73709]}",CITY OF SEATTLE - (WA)|CITY OF TACOMA - (WA),53033020301
1G1FZ6EV9V,King,Seattle,WA,98144,2027,CHEVROLET,BOLT,Battery Electric Vehicle (BEV),Eligibility unknown as battery range has not been researched,0,37,290999649,"{'type': 'Point', 'coordinates': [-122.30866, 47.57874]}",CITY OF SEATTLE - (WA)|CITY OF TACOMA - (WA),53033009400
1G1FZ6EVXV,Kitsap,Bainbridge Island,WA,98110,2027,CHEVROLET,BOLT,Battery Electric Vehicle (BEV),Eligibility unknown as battery range has not been researched,0,23,289824286,"{'type': 'Point', 'coordinates': [-122.521, 47.62759]}",PUGET SOUND ENERGY INC,53035090700
1G1FZ6EV7V,Thurston,Olympia,WA,98512,2027,CHEVROLET,BOLT,Battery Electric Vehicle (BEV),Eligibility unknown as battery range has not been researched,0,35,290725704,"{'type': 'Point', 'coordinates': [-123.04078, 46.94792]}",PUGET SOUND ENERGY INC,53067011821
7PD2EAAB7V,King,Woodinville,WA,98072,2027,RIVIAN,R2,Battery Electric Vehicle (BEV),Eligibility unknown as battery range has not been researched,0,45,293274642,"{'type': 'Point', 'coordinates': [-122.15545, 47.75448]}",PUGET SOUND ENERGY INC||CITY OF TACOMA - (WA),53033032319
1G1FZ6EV5V,King,Seattle,WA,98125,2027,CHEVROLET,BOLT,Battery Electric Vehicle (BEV),Eligibility unknown as battery range has not been researched,0,46,291176511,"{'type': 'Point', 'coordinates': [-122.30253, 47.72656]}",PUGET SOUND ENERGY INC||CITY OF TACOMA - (WA),53033000900
1G1FY6EV6V,Thurston,Olympia,WA,98506,2027,CHEVROLET,BOLT,Battery Electric Vehicle (BEV),Eligibility unknown as battery range has not been researched,0,22,291017226,"{'type': 'Point', 'coordinates': [-122.87741, 47.05997]}",PUGET SOUND ENERGY INC,53067010200
1G1FY6EV1V,King,Seattle,WA,98133,2027,CHEVROLET,BOLT,Battery Electric Vehicle (BEV),Eligibility unknown as battery range has not been researched,0,46,293842958,"{'type': 'Point', 'coordinates': [-122.33364, 47.73709]}",CITY OF SEATTLE - (WA)|CITY OF TACOMA - (WA),53033000602
WA125BGF5V,King,Shoreline,WA,98177,2027,AUDI,SQ6,Battery Electric Vehicle (BEV),Eligibility unknown as battery range has not been researched,0,32,292855335,"{'type': 'Point', 'coordinates': [-122.37238, 47.74068]}",CITY OF SEATTLE - (WA)|CITY OF TACOMA - (WA),53033020800
7PD2EAAB0V,King,Renton,WA,98056,2027,RIVIAN,R2,Battery Electric Vehicle (BEV),Eligibility unknown as battery range has not been researched,0,11,294739546,"{'type': 'Point', 'coordinates': [-122.18839, 47.51197]}",PUGET SOUND ENERGY INC||CITY OF TACOMA - (WA),53033025601
1G1FY6EV1V,King,Seattle,WA,98115,2027,CHEVROLET,BOLT,Battery Electric Vehicle (BEV),Eligibility unknown as battery range has not been researched,0,46,292502017,"{'type': 'Point', 'coordinates': [-122.31676, 47.68156]}",CITY OF SEATTLE - (WA)|CITY OF TACOMA - (WA),53033002000
1G1FY6EV8V,Thurston,Yelm,WA,98597,2027,CHEVROLET,BOLT,Battery Electric Vehicle (BEV),Eligibility unknown as battery range has not been researched,0,2,292298870,"{'type': 'Point', 'coordinates': [-122.60735, 46.94239]}",PUGET SOUND ENERGY INC,53067012412
WA154BGF4V,King,Seattle,WA,98107,2027,AUDI,Q6,Battery Electric Vehicle (BEV),Eligibility unknown as battery range has not been researched,0,43,294071221,"{'type': 'Point', 'coordinates': [-122.38591, 47.67597]}",CITY OF SEATTLE - (WA)|CITY OF TACOMA - (WA),53033003400
1G1FY6EV3V,King,Redmond,WA,98052,2027,CHEVROLET,BOLT,Battery Electric Vehicle (BEV),Eligibility unknown as battery range has not been researched,0,45,291668905,"{'type': 'Point', 'coordinates': [-122.13158, 47.67858]}",PUGET SOUND ENERGY INC||CITY OF TACOMA - (WA),53033032324
1G1FZ6EV7V,King,Seattle,WA,98177,2027,CHEVROLET,BOLT,Battery Electric Vehicle (BEV),Eligibility unknown as battery range has not been researched,0,32,291181656,"{'type': 'Point', 'coordinates': [-122.37238, 47.74068]}",CITY OF SEATTLE - (WA)|CITY OF TACOMA - (WA),53033000402
WA1C5BGF4V,King,Bellevue,WA,98004,2027,AUDI,SQ6,Battery Electric Vehicle (BEV),Eligibility unknown as battery range has not been researched,0,48,292341647,"{'type': 'Point', 'coordinates': [-122.1872, 47.61001]}",PUGET SOUND ENERGY INC||CITY OF TACOMA - (WA),53033023805
WA154BGF2V,King,Bellevue,WA,98008,2027,AUDI,Q6,Battery Electric Vehicle (BEV),Eligibility unknown as battery range has not been researched,0,48,291721349,"{'type': 'Point', 'coordinates': [-122.11867, 47.63131]}",PUGET SOUND ENERGY INC||CITY OF TACOMA - (WA),53033023100
1G1FY6EV4V,King,Kirkland,WA,98034,2027,CHEVROLET,BOLT,Battery Electric Vehicle (BEV),Eligibility unknown as battery range has not been researched,0,45,292776221,"{'type': 'Point', 'coordinates': [-122.22901, 47.72201]}",PUGET SOUND ENERGY INC||CITY OF TACOMA - (WA),53033021903
1G1FY6EV6V,Jefferson,Port Townsend,WA,98368,2027,CHEVROLET,BOLT,Battery Electric Vehicle (BEV),Eligibility unknown as battery range has not been researched,0,24,292329236,"{'type': 'Point', 'coordinates': [-122.77263, 48.1212]}",BONNEVILLE POWER ADMINISTRATION||PUGET SOUND ENERGY INC||PUD NO 1 OF JEFFERSON COUNTY,53031950603
1G1FY6EV6V,Jefferson,Port Townsend,WA,98368,2027,CHEVROLET,BOLT,Battery Electric Vehicle (BEV),Eligibility unknown as battery range has not been researched,0,24,292410436,"{'type': 'Point', 'coordinates': [-122.77263, 48.1212]}",BONNEVILLE POWER ADMINISTRATION||PUGET SOUND ENERGY INC||PUD NO 1 OF JEFFERSON COUNTY,53031950603
1G1FZ6EV8V,King,Seattle,WA,98125,2027,CHEVROLET,BOLT,Battery Electric Vehicle (BEV),Eligibility unknown as battery range has not been researched,0,46,292830814,"{'type': 'Point', 'coordinates': [-122.30253, 47.72656]}",CITY OF SEATTLE - (WA)|CITY OF TACOMA - (WA),53033000800
1G1FY6EV3V,Clark,Vancouver,WA,98662,2027,CHEVROLET,BOLT,Battery Electric Vehicle (BEV),Eligibility unknown as battery range has not been researched,0,17,292288475,"{'type': 'Point', 'coordinates': [-122.57722, 45.64251]}",BONNEVILLE POWER ADMINISTRATION||PUD NO 1 OF CLARK COUNTY - (WA),53011040703
WA1B5BGF6V,King,Kirkland,WA,98033,2027,AUDI,SQ6,Battery Electric Vehicle (BEV),Eligibility unknown as battery range has not been researched,0,48,292669618,"{'type': 'Point', 'coordinates': [-122.2066, 47.67887]}",PUGET SOUND ENERGY INC||CITY OF TACOMA - (WA),53033022501
7YAKNDDC1T,Snohomish,Edmonds,WA,98020,2026,HYUNDAI,IONIQ 5,Battery Electric Vehicle (BEV),Eligibility unknown as battery range has not been researched,0,21,289808438,"{'type': 'Point', 'coordinates': [-122.37695, 47.81113]}",PUGET SOUND ENERGY INC,53061050501
7SAYGDEE8T,Skagit,Bow,WA,98232,2026,TESLA,MODEL Y,Battery Electric Vehicle (BEV),Eligibility unknown as battery range has not been researched,0,40,292476348,"{'type': 'Point', 'coordinates': [-122.397, 48.56045]}",PUGET SOUND ENERGY INC,53057950801
5YJ3E1EA1T,Benton,Pros,WA,99350,2026,TESLA,MODEL 3,Battery Electric Vehicle (BEV),Eligibility unknown as battery range has not been researched,0,16,293598980,"{'type': 'Point', 'coordinates': [-119.76904, 46.20663]}",BONNEVILLE POWER ADMINISTRATION||PUD NO 1 OF BENTON COUNTY,53005011702
JTMAAAAE7T,Lewis,Onalaska,WA,98570,2026,SUBARU,UNCHARTED,Battery Electric Vehicle (BEV),Eligibility unknown as battery range has not been researched,0,20,293195108,"{'type': 'Point', 'coordinates': [-122.69633, 46.57641]}",BONNEVILLE POWER ADMINISTRATION||CITY OF TACOMA - (WA)||PUD NO 1 OF LEWIS COUNTY,53041971800
JTM7ERAV4T,Snohomish,Marysville,WA,98270,2026,TOYOTA,RAV4 PRIME (PHEV),Plug-in Hybrid Electric Vehicle (PHEV),Clean Alternative Fuel Vehicle Eligible,52,44,292438583,"{'type': 'Point', 'coordinates': [-122.1769, 48.06114]}",PUGET SOUND ENERGY INC,53061052708
3GN7DMRR1T,Thurston,Olympia,WA,98512,2026,CHEVROLET,EQUINOX,Battery Electric Vehicle (BEV),Eligibility unknown as battery range has not been researched,0,35,289473327,"{'type': 'Point', 'coordinates': [-123.04078, 46.94792]}",PUGET SOUND ENERGY INC,53067011821
5UX43EU01T,Pierce,Bonney Lake,WA,98391,2026,BMW,X5,Plug-in Hybrid Electric Vehicle (PHEV),Clean Alternative Fuel Vehicle Eligible,38,31,290844074,"{'type': 'Point', 'coordinates': [-122.17144, 47.19175]}",PUGET SOUND ENERGY INC||CITY OF TACOMA - (WA),53053070209
7YAKPDDC7T,Whatcom,Bellingham,WA,98229,2026,HYUNDAI,IONIQ 5,Battery Electric Vehicle (BEV),Eligibility unknown as battery range has not been researched,0,40,291537004,"{'type': 'Point', 'coordinates': [-122.45486, 48.7449]}",PUGET SOUND ENERGY INC||PUD NO 1 OF WHATCOM COUNTY,53073000902
3GYK3BM42T,King,Issaquah,WA,98029,2026,CADILLAC,OPTIQ,Battery Electric Vehicle (BEV),Eligibility unknown as battery range has not been researched,0,41,293486728,"{'type': 'Point', 'coordinates': [-122.01656, 47.57118]}",PUGET SOUND ENERGY INC||CITY OF TACOMA - (WA),53033032219
7SAYGDEE5T,Pierce,Bonney Lake,WA,98391,2026,TESLA,MODEL Y,Battery Electric Vehicle (BEV),Eligibility unknown as battery range has not been researched,0,31,291748754,"{'type': 'Point', 'coordinates': [-122.17144, 47.19175]}",PUGET SOUND ENERGY INC||CITY OF TACOMA - (WA),53053070209
7SAYGDED8T,Pierce,Fife,WA,98424,2026,TESLA,MODEL Y,Battery Electric Vehicle (BEV),Eligibility unknown as battery range has not been researched,0,25,294756535,"{'type': 'Point', 'coordinates': [-122.37302, 47.24714]}",BONNEVILLE POWER ADMINISTRATION||CITY OF TACOMA - (WA)||PENINSULA LIGHT COMPANY,53053940013
7SAYGDEEXT,King,Kirkland,WA,98034,2026,TESLA,MODEL Y,Battery Electric Vehicle (BEV),Eligibility unknown as battery range has not been researched,0,1,291532013,"{'type': 'Point', 'coordinates': [-122.22901, 47.72201]}",PUGET SOUND ENERGY INC||CITY OF TACOMA - (WA),53033022203
JTMBDAFB4T,Jefferson,Port Townsend,WA,98368,2026,TOYOTA,BZ,Battery Electric Vehicle (BEV),Eligibility unknown as battery range has not been researched,0,24,289732635,"{'type': 'Point', 'coordinates': [-122.77263, 48.1212]}",BONNEVILLE POWER ADMINISTRATION||PUGET SOUND ENERGY INC||PUD NO 1 OF JEFFERSON COUNTY,53031950602
7SAYGDEE3T,Snohomish,Bothell,WA,98012,2026,TESLA,MODEL Y,Battery Electric Vehicle (BEV),Eligibility unknown as battery range has not been researched,0,21,289622063,"{'type': 'Point', 'coordinates': [-122.20105, 47.84423]}",PUGET SOUND ENERGY INC,53061051927
7SAYGDEE5T,King,Bellevue,WA,98004,2026,TESLA,MODEL Y,Battery Electric Vehicle (BEV),Eligibility unknown as battery range has not been researched,0,41,292485966,"{'type': 'Point', 'coordinates': [-122.1872, 47.61001]}",PUGET SOUND ENERGY INC||CITY OF TACOMA - (WA),53033024002
7SAYGDEE4T,Spokane,Spokane,WA,99208,2026,TESLA,MODEL Y,Battery Electric Vehicle (BEV),Eligibility unknown as battery range has not been researched,0,6,290122682,"{'type': 'Point', 'coordinates': [-117.45005, 47.7333]}",BONNEVILLE POWER ADMINISTRATION||AVISTA CORP||INLAND POWER & LIGHT COMPANY,53063010702
KNDCR3L14T,King,Redmond,WA,98052,2026,KIA,NIRO,Battery Electric Vehicle (BEV),Eligibility unknown as battery range has not been researched,0,45,292694447,"{'type': 'Point', 'coordinates': [-122.13158, 47.67858]}",PUGET SOUND ENERGY INC||CITY OF TACOMA - (WA),53033022605
7SAYGDEE4T,King,Redmond,WA,98052,2026,TESLA,MODEL Y,Battery Electric Vehicle (BEV),Eligibility unknown as battery range has not been researched,0,45,282621230,"{'type': 'Point', 'coordinates': [-122.13158, 47.67858]}",PUGET SOUND ENERGY INC||CITY OF TACOMA - (WA),53033022605
7UUG1GHK8T,King,Redmond,WA,98052,2026,LUCID,GRAVITY,Battery Electric Vehicle (BEV),Eligibility unknown as battery range has not been researched,0,48,290549115,"{'type': 'Point', 'coordinates': [-122.13158, 47.67858]}",PUGET SOUND ENERGY INC||CITY OF TACOMA - (WA),53033032324
7SAYGDED5T,King,Seatac,WA,98168,2026,TESLA,MODEL Y,Battery Electric Vehicle (BEV),Eligibility unknown as battery range has not been researched,0,33,286872372,"{'type': 'Point', 'coordinates': [-122.29411, 47.48924]}",PUGET SOUND ENERGY INC||CITY OF TACOMA - (WA),53033028100
7SAYGDEE1T,King,Seatac,WA,98188,2026,TESLA,MODEL Y,Battery Electric Vehicle (BEV),Eligibility unknown as battery range has not been researched,0,33,280317950,"{'type': 'Point', 'coordinates': [-122.27979, 47.44952]}",PUGET SOUND ENERGY INC||CITY OF TACOMA - (WA),53033028402
7SAYGDEE6T,King,Kirkland,WA,98033,2026,TESLA,MODEL Y,Battery Electric Vehicle (BEV),Eligibility unknown as battery range has not been researched,0,48,292558087,"{'type': 'Point', 'coordinates': [-122.2066, 47.67887]}",PUGET SOUND ENERGY INC||CITY OF TACOMA - (WA),53033022604
7SAYGDEE3T,Snohomish,Lake Stevens,WA,98258,2026,TESLA,MODEL Y,Battery Electric Vehicle (BEV),Eligibility unknown as battery range has not been researched,0,44,293770004,"{'type': 'Point', 'coordinates': [-122.06402, 48.01497]}",PUGET SOUND ENERGY INC,53061052607
7SAYGDEE5T,Spokane,Greenacres,WA,99016,2026,TESLA,MODEL Y,Battery Electric Vehicle (BEV),Eligibility unknown as battery range has not been researched,0,4,282794606,"{'type': 'Point', 'coordinates': [-117.16242, 47.65738]}",BONNEVILLE POWER ADMINISTRATION||AVISTA CORP||INLAND POWER & LIGHT COMPANY,53063013003
7SAYGDEE5T,King,Redmond,WA,98053,2026,TESLA,MODEL Y,Battery Electric Vehicle (BEV),Eligibility unknown as battery range has not been researched,0,45,286459365,"{'type': 'Point', 'coordinates': [-122.03287, 47.68555]}",PUGET SOUND ENERGY INC||CITY OF TACOMA - (WA),53033032332
JTMBEAGC1T,Pierce,Tacoma,WA,98407,2026,SUBARU,SOLTERRA,Battery Electric Vehicle (BEV),Eligibility unknown as battery range has not been researched,0,27,289944315,"{'type': 'Point', 'coordinates': [-122.54304, 47.31803]}",BONNEVILLE POWER ADMINISTRATION||CITY OF TACOMA - (WA)||PENINSULA LIGHT COMPANY,53053060903
7SAYGDED3T,Grays Harbor,Humptulips,WA,98552,2026,TESLA,MODEL Y,Battery Electric Vehicle (BEV),Eligibility unknown as battery range has not been researched,0,24,292834146,"{'type': 'Point', 'coordinates': [-123.94889, 47.23519]}",BONNEVILLE POWER ADMINISTRATION||PUD NO 1 OF GRAYS HARBOR COUNTY,53027000300
JTMBEAGC9T,Pierce,Tacoma,WA,98404,2026,SUBARU,SOLTERRA,Battery Electric Vehicle (BEV),Eligibility unknown as battery range has not been researched,0,27,289749736,"{'type': 'Point', 'coordinates': [-122.41249, 47.21584]}",BONNEVILLE POWER ADMINISTRATION||CITY OF TACOMA - (WA)||PENINSULA LIGHT COMPANY,53053062300
7SAYGDEE3T,Pierce,Lakewood,WA,98499,2026,TESLA,MODEL Y,Battery Electric Vehicle (BEV),Eligibility unknown as battery range has not been researched,0,29,290495551,"{'type': 'Point', 'coordinates': [-122.51495, 47.16196]}",BONNEVILLE POWER ADMINISTRATION||CITY OF TACOMA - (WA)||LAKEVIEW LIGHT & POWER|PENINSULA LIGHT COMPANY,53053071803
1GYC3NML4T,Spokane,Spokane,WA,99224,2026,CADILLAC,VISTIQ,Battery Electric Vehicle (BEV),Eligibility unknown as battery range has not been researched,0,6,287101482,"{'type': 'Point', 'coordinates': [-117.46996, 47.59431]}",BONNEVILLE POWER ADMINISTRATION||AVISTA CORP||INLAND POWER & LIGHT COMPANY,53063013503
JTM7ERAV9T,Benton,West Richland,WA,99353,2026,TOYOTA,RAV4 PRIME (PHEV),Plug-in Hybrid Electric Vehicle (PHEV),Clean Alternative Fuel Vehicle Eligible,52,8,294571868,"{'type': 'Point', 'coordinates': [-119.33836, 46.29696]}",BONNEVILLE POWER ADMINISTRATION||PUD NO 1 OF BENTON COUNTY,53005010701
WB543CF01T,Snohomish,Lynnwood,WA,98037,2026,BMW,IX,Battery Electric Vehicle (BEV),Eligibility unknown as battery range has not been researched,0,32,288162192,"{'type': 'Point', 'coordinates': [-122.27734, 47.83785]}",PUGET SOUND ENERGY INC,53061051602
WB553CF00T,King,Seattle,WA,98103,2026,BMW,IX,Battery Electric Vehicle (BEV),Eligibility unknown as battery range has not been researched,0,43,287921147,"{'type': 'Point', 'coordinates': [-122.35436, 47.67596]}",CITY OF SEATTLE - (WA)|CITY OF TACOMA - (WA),53033004600
7SAYGDED7T,King,Maple Valley,WA,98010,2026,TESLA,MODEL Y,Battery Electric Vehicle (BEV),Eligibility unknown as battery range has not been researched,0,5,285102261,"{'type': 'Point', 'coordinates': [-122.00143, 47.30893]}",PUGET SOUND ENERGY INC||CITY OF TACOMA - (WA),53033031605
7SAYGDEE9T,King,Kirkland,WA,98033,2026,TESLA,MODEL Y,Battery Electric Vehicle (BEV),Eligibility unknown as battery range has not been researched,0,45,292402904,"{'type': 'Point', 'coordinates': [-122.2066, 47.67887]}",PUGET SOUND ENERGY INC||CITY OF TACOMA - (WA),53033022402
7SAYGDEEXT,Clark,Washougal,WA,98671,2026,TESLA,MODEL Y,Battery Electric Vehicle (BEV),Eligibility unknown as battery range has not been researched,0,18,279159961,"{'type': 'Point', 'coordinates': [-122.35341, 45.57923]}",BONNEVILLE POWER ADMINISTRATION||PACIFICORP||PUD NO 1 OF CLARK COUNTY - (WA),53011040605
5LMTJ5DZ6T,Walla Walla,College Place,WA,99324,2026,LINCOLN,CORSAIR,Plug-in Hybrid Electric Vehicle (PHEV),Not eligible due to low battery range,27,16,292251543,"{'type': 'Point', 'coordinates': [-118.38864, 46.03456]}",PACIFICORP,53071920301
7SAYGDED6T,Snohomish,Marysville,WA,98270,2026,TESLA,MODEL Y,Battery Electric Vehicle (BEV),Eligibility unknown as battery range has not been researched,0,44,286072405,"{'type': 'Point', 'coordinates': [-122.1769, 48.06114]}",PUGET SOUND ENERGY INC,53061052711
7SAYGDEE1T,Snohomish,Bothell,WA,98012,2026,TESLA,MODEL Y,Battery Electric Vehicle (BEV),Eligibility unknown as battery range has not been researched,0,1,294953788,"{'type': 'Point', 'coordinates': [-122.20105, 47.84423]}",PUGET SOUND ENERGY INC,53061051934
7SAYGDED9T,King,Seattle,WA,98107,2026,TESLA,MODEL Y,Battery Electric Vehicle (BEV),Eligibility unknown as battery range has not been researched,0,36,286933734,"{'type': 'Point', 'coordinates': [-122.38591, 47.67597]}",CITY OF SEATTLE - (WA)|CITY OF TACOMA - (WA),53033003202
7SAYGDEE0T,Snohomish,Lake Stevens,WA,98258,2026,TESLA,MODEL Y,Battery Electric Vehicle (BEV),Eligibility unknown as battery range has not been researched,0,44,286777949,"{'type': 'Point', 'coordinates': [-122.06402, 48.01497]}",PUGET SOUND ENERGY INC,53061052604
7SAYGDEEXT,King,Bellevue,WA,98027,2026,TESLA,MODEL Y,Battery Electric Vehicle (BEV),Eligibility unknown as battery range has not been researched,0,41,287290993,"{'type': 'Point', 'coordinates': [-122.03439, 47.5301]}",PUGET SOUND ENERGY INC||CITY OF TACOMA - (WA),53033025008
JTJBCACB9T,King,Seattle,WA,98118,2026,LEXUS,RZ,Battery Electric Vehicle (BEV),Eligibility unknown as battery range has not been researched,0,37,292670080,"{'type': 'Point', 'coordinates': [-122.28083, 47.54693]}",CITY OF SEATTLE - (WA)|CITY OF TACOMA - (WA),53033011001
7SAYGDED1T,Snohomish,Monroe,WA,98272,2026,TESLA,MODEL Y,Battery Electric Vehicle (BEV),Eligibility unknown as battery range has not been researched,0,39,286416119,"{'type': 'Point', 'coordinates': [-121.98087, 47.8526]}",PUGET SOUND ENERGY INC,53061052203
7SAYGDEE7T,Pierce,South Hill,WA,98374,2026,TESLA,MODEL Y,Battery Electric Vehicle (BEV),Eligibility unknown as battery range has not been researched,0,25,293657892,"{'type': 'Point', 'coordinates': [-122.27504, 47.13926]}",PUGET SOUND ENERGY INC||CITY OF TACOMA - (WA),53053073123
1GYC3KMLXT,Snohomish,Sultan,WA,98294,2026,CADILLAC,VISTIQ,Battery Electric Vehicle (BEV),Eligibility unknown as battery range has not been researched,0,39,288526402,"{'type': 'Point', 'coordinates': [-121.81688, 47.8623]}",PUGET SOUND ENERGY INC,53061053803
JM3KJAHF0T,Pierce,Spanaway,WA,98387,2026,MAZDA,CX-70,Plug-in Hybrid Electric Vehicle (PHEV),Clean Alternative Fuel Vehicle Eligible,32,2,290516600,"{'type': 'Point', 'coordinates': [-122.41046, 47.06512]}",BONNEVILLE POWER ADMINISTRATION||CITY OF TACOMA - (WA)||PENINSULA LIGHT COMPANY,53053071415
7SAYGDEEXT,King,Snoqualmie,WA,98065,2026,TESLA,MODEL Y,Battery Electric Vehicle (BEV),Eligibility unknown as battery range has not been researched,0,5,286021333,"{'type': 'Point', 'coordinates': [-121.82432, 47.52716]}",PUGET SOUND ENERGY INC||CITY OF TACOMA - (WA),53033032604
JTM7ERAV0T,Skagit,Concrete,WA,98237,2026,TOYOTA,RAV4 PRIME (PHEV),Plug-in Hybrid Electric Vehicle (PHEV),Clean Alternative Fuel Vehicle Eligible,52,39,294706212,"{'type': 'Point', 'coordinates': [-121.7515, 48.53892]}",PUGET SOUND ENERGY INC,53057951101
7SAYGDEE2T,Clallam,Sequim,WA,98382,2026,TESLA,MODEL Y,Battery Electric Vehicle (BEV),Eligibility unknown as battery range has not been researched,0,24,292931873,"{'type': 'Point', 'coordinates': [-123.10367, 48.07965]}",BONNEVILLE POWER ADMINISTRATION||PUD NO 1 OF CLALLAM COUNTY,53009002002
7SAYGDEE0T,Clark,Camas,WA,98607,2026,TESLA,MODEL Y,Battery Electric Vehicle (BEV),Eligibility unknown as battery range has not been researched,0,18,287002509,"{'type': 'Point', 'coordinates': [-122.40177, 45.58705]}",BONNEVILLE POWER ADMINISTRATION||PUD NO 1 OF CLARK COUNTY - (WA),53011040604
7SAYGDEE9T,Pierce,Fox Island,WA,98333,2026,TESLA,MODEL Y,Battery Electric Vehicle (BEV),Eligibility unknown as battery range has not been researched,0,26,290296611,"{'type': 'Point', 'coordinates': [-122.65107, 47.27375]}",BONNEVILLE POWER ADMINISTRATION||CITY OF TACOMA - (WA)||PENINSULA LIGHT COMPANY,53053072410
7SAYGDET1T,Snohomish,Bothell,WA,98012,2026,TESLA,MODEL Y,Battery Electric Vehicle (BEV),Eligibility unknown as battery range has not been researched,0,1,287258345,"{'type': 'Point', 'coordinates': [-122.20105, 47.84423]}",PUGET SOUND ENERGY INC,53061052107
JTMBDAFB9T,King,Carnation,WA,98014,2026,TOYOTA,BZ,Battery Electric Vehicle (BEV),Eligibility unknown as battery range has not been researched,0,5,292610923,"{'type': 'Point', 'coordinates': [-121.91353, 47.64901]}",CITY OF TACOMA - (WA)||TANNER ELECTRIC COOP,53033032500
5XYAEFS51T,Cowlitz,Kelso,WA,98626,2026,KIA,EV9,Battery Electric Vehicle (BEV),Eligibility unknown as battery range has not been researched,0,19,289900159,"{'type': 'Point', 'coordinates': [-122.89867, 46.14424]}",BONNEVILLE POWER ADMINISTRATION||PUD NO 1 OF COWLITZ COUNTY,53015000902
7SAYGDEE1T,Snohomish,Bothell,WA,98021,2026,TESLA,MODEL Y,Battery Electric Vehicle (BEV),Eligibility unknown as battery range has not been researched,0,1,287811632,"{'type': 'Point', 'coordinates': [-122.18384, 47.8031]}",PUGET SOUND ENERGY INC,53061051926
7YAKNDDC6T,Mason,Belfair,WA,98528,2026,HYUNDAI,IONIQ 5,Battery Electric Vehicle (BEV),Eligibility unknown as battery range has not been researched,0,35,290880502,"{'type': 'Point', 'coordinates': [-122.82762, 47.45056]}",BONNEVILLE POWER ADMINISTRATION||CITY OF TACOMA - (WA)||PUD NO 3 OF MASON COUNTY,53045960401
5YJ3E1EA4T,King,Kirkland,WA,98033,2026,TESLA,MODEL 3,Battery Electric Vehicle (BEV),Eligibility unknown as battery range has not been researched,0,45,292552018,"{'type': 'Point', 'coordinates': [-122.2066, 47.67887]}",PUGET SOUND ENERGY INC||CITY OF TACOMA - (WA),53033022401
7SAYGDEE1T,King,Bellevue,WA,98004,2026,TESLA,MODEL Y,Battery Electric Vehicle (BEV),Eligibility unknown as battery range has not been researched,0,41,288623933,"{'type': 'Point', 'coordinates': [-122.1872, 47.61001]}",PUGET SOUND ENERGY INC||CITY OF TACOMA - (WA),53033023807
7SAYGDEEXT,Snohomish,Lynnwood,WA,98037,2026,TESLA,MODEL Y,Battery Electric Vehicle (BEV),Eligibility unknown as battery range has not been researched,0,21,280622408,"{'type': 'Point', 'coordinates': [-122.27734, 47.83785]}",PUGET SOUND ENERGY INC,53061051802
5YJ3E1EB7T,Snohomish,Edmonds,WA,98020,2026,TESLA,MODEL 3,Battery Electric Vehicle (BEV),Eligibility unknown as battery range has not been researched,0,21,290734629,"{'type': 'Point', 'coordinates': [-122.37695, 47.81113]}",PUGET SOUND ENERGY INC,53061050502
7SAXCAE58T,King,Sammamish,WA,98074,2026,TESLA,MODEL X,Battery Electric Vehicle (BEV),Eligibility unknown as battery range has not been researched,0,45,288468218,"{'type': 'Point', 'coordinates': [-122.02054, 47.60326]}",PUGET SOUND ENERGY INC||CITY OF TACOMA - (WA),53033032215
5YJ3E1EB5T,King,Seattle,WA,98104,2026,TESLA,MODEL 3,Battery Electric Vehicle (BEV),Eligibility unknown as battery range has not been researched,0,43,292877413,"{'type': 'Point', 'coordinates': [-122.32945, 47.60357]}",CITY OF SEATTLE - (WA)|CITY OF TACOMA - (WA),53033008500
7SAYGDEE7T,Spokane,Spokane Valley,WA,99212,2026,TESLA,MODEL Y,Battery Electric Vehicle (BEV),Eligibility unknown as battery range has not been researched,0,4,290413539,"{'type': 'Point', 'coordinates': [-117.31205, 47.66648]}",BONNEVILLE POWER ADMINISTRATION||VERA IRRIGATION DISTRICT #15,53063012300
5XYAFFS51T,King,Milton,WA,98354,2026,KIA,EV9,Battery Electric Vehicle (BEV),Eligibility unknown as battery range has not been researched,0,30,294582396,"{'type': 'Point', 'coordinates': [-122.32172, 47.24898]}",PUGET SOUND ENERGY INC||CITY OF TACOMA - (WA),53033030403
7SAYGDED8T,King,Sammamish,WA,98029,2026,TESLA,MODEL Y,Battery Electric Vehicle (BEV),Eligibility unknown as battery range has not been researched,0,5,284961547,"{'type': 'Point', 'coordinates': [-122.01656, 47.57118]}",PUGET SOUND ENERGY INC||CITY OF TACOMA - (WA),53033032211
JTJBCACB8T,Pierce,Bonney Lake,WA,98391,2026,LEXUS,RZ,Battery Electric Vehicle (BEV),Eligibility unknown as battery range has not been researched,0,31,288893797,"{'type': 'Point', 'coordinates': [-122.17144, 47.19175]}",PUGET SOUND ENERGY INC||CITY OF TACOMA - (WA),53053070314
7SAYGDEE0T,King,Tukwila,WA,98188,2026,TESLA,MODEL Y,Battery Electric Vehicle (BEV),Eligibility unknown as battery range has not been researched,0,11,282498646,"{'type': 'Point', 'coordinates': [-122.27979, 47.44952]}",PUGET SOUND ENERGY INC||CITY OF TACOMA - (WA),53033026200
7SAYGDEE8T,Pierce,Gig Harbor,WA,98332,2026,TESLA,MODEL Y,Battery Electric Vehicle (BEV),Eligibility unknown as battery range has not been researched,0,26,292957570,"{'type': 'Point', 'coordinates': [-122.58965, 47.34235]}",BONNEVILLE POWER ADMINISTRATION||CITY OF TACOMA - (WA)||PENINSULA LIGHT COMPANY,53053072508
7SAYGDEE3T,Thurston,Olympia,WA,98513,2026,TESLA,MODEL Y,Battery Electric Vehicle (BEV),Eligibility unknown as battery range has not been researched,0,2,282848814,"{'type': 'Point', 'coordinates': [-122.80933, 46.99531]}",PUGET SOUND ENERGY INC,53067012420
7SAYGDEE9T,King,Burien,WA,98146,2026,TESLA,MODEL Y,Battery Electric Vehicle (BEV),Eligibility unknown as battery range has not been researched,0,34,282791260,"{'type': 'Point', 'coordinates': [-122.36322, 47.49736]}",CITY OF SEATTLE - (WA)|CITY OF TACOMA - (WA),53033026700
7PDSGFBA4T,Clark,Vancouver,WA,98682,2026,RIVIAN,R1S,Battery Electric Vehicle (BEV),Eligibility unknown as battery range has not been researched,0,17,286164637,"{'type': 'Point', 'coordinates': [-122.55149, 45.69345]}",BONNEVILLE POWER ADMINISTRATION||PUD NO 1 OF CLARK COUNTY - (WA),53011040604
5XYADFS57T,San Juan,Eastsound,WA,98245,2026,KIA,EV9,Battery Electric Vehicle (BEV),Eligibility unknown as battery range has not been researched,0,40,289561002,"{'type': 'Point', 'coordinates': [-122.91109, 48.69389]}",BONNEVILLE POWER ADMINISTRATION||ORCAS POWER & LIGHT COOP,53055960101
7SAYGDEE1T,King,Redmond,WA,98053,2026,TESLA,MODEL Y,Battery Electric Vehicle (BEV),Eligibility unknown as battery range has not been researched,0,45,285341815,"{'type': 'Point', 'coordinates': [-122.03287, 47.68555]}",PUGET SOUND ENERGY INC||CITY OF TACOMA - (WA),53033032315
7SAYGDED8T,Clark,Vancouver,WA,98686,2026,TESLA,MODEL Y,Battery Electric Vehicle (BEV),Eligibility unknown as battery range has not been researched,0,17,284214339,"{'type': 'Point', 'coordinates': [-122.62731, 45.71668]}",BONNEVILLE POWER ADMINISTRATION||PUD NO 1 OF CLARK COUNTY - (WA),53011040403
7SAYGDEE5T,Pierce,Sumner,WA,98390,2026,TESLA,MODEL Y,Battery Electric Vehicle (BEV),Eligibility unknown as battery range has not been researched,0,31,283262472,"{'type': 'Point', 'coordinates': [-122.23972, 47.2022]}",PUGET SOUND ENERGY INC||CITY OF TACOMA - (WA),53053073301
7SAYGDEE5T,King,Kirkland,WA,98034,2026,TESLA,MODEL Y,Battery Electric Vehicle (BEV),Eligibility unknown as battery range has not been researched,0,45,292762207,"{'type': 'Point', 'coordinates': [-122.22901, 47.72201]}",PUGET SOUND ENERGY INC||CITY OF TACOMA - (WA),53033021903
KNDPYDDH5T,Kitsap,Port Orchard,WA,98367,2026,KIA,SPORTAGE,Plug-in Hybrid Electric Vehicle (PHEV),Clean Alternative Fuel Vehicle Eligible,33,35,291998220,"{'type': 'Point', 'coordinates': [-122.68516, 47.50645]}",PUGET SOUND ENERGY INC,53035092101
3GN7DSRR2T,Pierce,Gig Harbor,WA,98329,2026,CHEVROLET,EQUINOX,Battery Electric Vehicle (BEV),Eligibility unknown as battery range has not been researched,0,26,290231497,"{'type': 'Point', 'coordinates': [-122.6658, 47.38336]}",BONNEVILLE POWER ADMINISTRATION||CITY OF TACOMA - (WA)||PENINSULA LIGHT COMPANY,53053072503
5YJ3E1EAXT,Pierce,Gig Harbor,WA,98335,2026,TESLA,MODEL 3,Battery Electric Vehicle (BEV),Eligibility unknown as battery range has not been researched,0,26,291513722,"{'type': 'Point', 'coordinates': [-122.58009, 47.328]}",BONNEVILLE POWER ADMINISTRATION||CITY OF TACOMA - (WA)||PENINSULA LIGHT COMPANY,53053072406
7SAYGDED8T,Snohomish,Marysville,WA,98270,2026,TESLA,MODEL Y,Battery Electric Vehicle (BEV),Eligibility unknown as battery range has not been researched,0,44,282050387,"{'type': 'Point', 'coordinates': [-122.1769, 48.06114]}",PUGET SOUND ENERGY INC,53061052711
7SAYGDEEXT,King,Kenmore,WA,98028,2026,TESLA,MODEL Y,Battery Electric Vehicle (BEV),Eligibility unknown as battery range has not been researched,0,46,289849668,"{'type': 'Point', 'coordinates': [-122.24369, 47.75892]}",PUGET SOUND ENERGY INC||CITY OF TACOMA - (WA),53033021600
JTJCJMGA2T,Spokane,Spokane,WA,99212,2026,LEXUS,RX,Plug-in Hybrid Electric Vehicle (PHEV),Clean Alternative Fuel Vehicle Eligible,38,4,292506042,"{'type': 'Point', 'coordinates': [-117.31205, 47.66648]}",BONNEVILLE POWER ADMINISTRATION||VERA IRRIGATION DISTRICT #15,53063011302
5XYAEFS51T,Snohomish,Sultan,WA,98294,2026,KIA,EV9,Battery Electric Vehicle (BEV),Eligibility unknown as battery range has not been researched,0,39,287585203,"{'type': 'Point', 'coordinates': [-121.81688, 47.8623]}",PUGET SOUND ENERGY INC,53061053803
JTMBDAFB6T,King,Seattle,WA,98108,2026,TOYOTA,BZ,Battery Electric Vehicle (BEV),Eligibility unknown as battery range has not been researched,0,11,292610216,"{'type': 'Point', 'coordinates': [-122.31449, 47.53917]}",CITY OF SEATTLE - (WA)|CITY OF TACOMA - (WA),53033011200
5YJ3E1EAXT,Spokane,Spokane Valley,WA,99212,2026,TESLA,MODEL 3,Battery Electric Vehicle (BEV),Eligibility unknown as battery range has not been researched,0,4,287878881,"{'type': 'Point', 'coordinates': [-117.31205, 47.66648]}",BONNEVILLE POWER ADMINISTRATION||INLAND POWER & LIGHT COMPANY,53063012300
JTMBDAFC1T,Mason,Belfair,WA,98528,2026,SUBARU,SOLTERRA,Battery Electric Vehicle (BEV),Eligibility unknown as battery range has not been researched,0,35,290259357,"{'type': 'Point', 'coordinates': [-122.82762, 47.45056]}",BONNEVILLE POWER ADMINISTRATION||CITY OF TACOMA - (WA)||PUD NO 3 OF MASON COUNTY,53045960302
7SAYGDEE2T,Snohomish,Lake Stevens,WA,98258,2026,TESLA,MODEL Y,Battery Electric Vehicle (BEV),Eligibility unknown as battery range has not been researched,0,44,290065128,"{'type': 'Point', 'coordinates': [-122.06402, 48.01497]}",PUGET SOUND ENERGY INC,53061052606
7SAYGDEE6T,Snohomish,Lake Stevens,WA,98258,2026,TESLA,MODEL Y,Battery Electric Vehicle (BEV),Eligibility unknown as battery range has not been researched,0,44,292851646,"{'type': 'Point', 'coordinates': [-122.06402, 48.01497]}",PUGET SOUND ENERGY INC,53061052607
3GN7DNRP5T,Grays Harbor,Westport,WA,98595,2026,CHEVROLET,EQUINOX,Battery Electric Vehicle (BEV),Eligibility unknown as battery range has not been researched,0,19,290237573,"{'type': 'Point', 'coordinates': [-124.10425, 46.89112]}",BONNEVILLE POWER ADMINISTRATION||PUD NO 1 OF GRAYS HARBOR COUNTY,53027001601
7SAYGDEEXT,King,Black Diamond,WA,98010,2026,TESLA,MODEL Y,Battery Electric Vehicle (BEV),Eligibility unknown as battery range has not been researched,0,5,283416423,"{'type': 'Point', 'coordinates': [-122.00143, 47.30893]}",PUGET SOUND ENERGY INC||CITY OF TACOMA - (WA),53033031603
7SAYGDEE8T,Snohomish,Lynnwood,WA,98087,2026,TESLA,MODEL Y,Battery Electric Vehicle (BEV),Eligibility unknown as battery range has not been researched,0,21,291349803,"{'type': 'Point', 'coordinates': [-122.27981, 47.85727]}",PUGET SOUND ENERGY INC,53061042004
5YJ3E1EB7T,King,Kirkland,WA,98033,2026,TESLA,MODEL 3,Battery Electric Vehicle (BEV),Eligibility unknown as battery range has not been researched,0,48,291448300,"{'type': 'Point', 'coordinates': [-122.2066, 47.67887]}",PUGET SOUND ENERGY INC||CITY OF TACOMA - (WA),53033022502
7PDSGFBA2T,Snohomish,Lake Stevens,WA,98258,2026,RIVIAN,R1S,Battery Electric Vehicle (BEV),Eligibility unknown as battery range has not been researched,0,44,290134974,"{'type': 'Point', 'coordinates': [-122.06402, 48.01497]}",PUGET SOUND ENERGY INC,53061052706
7SAYGDEE1T,King,Sammamish,WA,98074,2026,TESLA,MODEL Y,Battery Electric Vehicle (BEV),Eligibility unknown as battery range has not been researched,0,45,292879331,"{'type': 'Point', 'coordinates': [-122.02054, 47.60326]}",PUGET SOUND ENERGY INC||CITY OF TACOMA - (WA),53033032318
7SAYGDEE2T,King,Redmond,WA,98052,2026,TESLA,MODEL Y,Battery Electric Vehicle (BEV),Eligibility unknown as battery range has not been researched,0,45,286974817,"{'type': 'Point', 'coordinates': [-122.13158, 47.67858]}",PUGET SOUND ENERGY INC||CITY OF TACOMA - (WA),53033022605
JTMBGAHB8T,Snohomish,Lake Stevens,WA,98258,2026,TOYOTA,BZ WOODLAND,Battery Electric Vehicle (BEV),Eligibility unknown as battery range has not been researched,0,44,292948694,"{'type': 'Point', 'coordinates': [-122.06402, 48.01497]}",PUGET SOUND ENERGY INC,53061052606
7JDDA3VL2T,King,Seattle,WA,98103,2026,VOLVO,EX90,Battery Electric Vehicle (BEV),Eligibility unknown as battery range has not been researched,0,43,292251900,"{'type': 'Point', 'coordinates': [-122.35436, 47.67596]}",CITY OF SEATTLE - (WA)|CITY OF TACOMA - (WA),53033005000
JTMBDAFCXT,King,Redmond,WA,98052,2026,SUBARU,SOLTERRA,Battery Electric Vehicle (BEV),Eligibility unknown as battery range has not been researched,0,48,290457569,"{'type': 'Point', 'coordinates': [-122.13158, 47.67858]}",PUGET SOUND ENERGY INC||CITY OF TACOMA - (WA),53033032331
KNDPZDDH3T,Thurston,Olympia,WA,98513,2026,KIA,SPORTAGE,Plug-in Hybrid Electric Vehicle (PHEV),Clean Alternative Fuel Vehicle Eligible,33,2,293765139,"{'type': 'Point', 'coordinates': [-122.80933, 46.99531]}",PUGET SOUND ENERGY INC,53067011624
7UUG1GHJ2T,King,Redmond,WA,98033,2026,LUCID,GRAVITY,Battery Electric Vehicle (BEV),Eligibility unknown as battery range has not been researched,0,45,287003958,"{'type': 'Point', 'coordinates': [-122.2066, 47.67887]}",PUGET SOUND ENERGY INC||CITY OF TACOMA - (WA),53033022605
5YJ3E1EA5T,Snohomish,Bothell,WA,98012,2026,TESLA,MODEL 3,Battery Electric Vehicle (BEV),Eligibility unknown as battery range has not been researched,0,1,288523770,"{'type': 'Point', 'coordinates': [-122.20105, 47.84423]}",PUGET SOUND ENERGY INC,53061051935
7SAYGDEE2T,King,Bellevue,WA,98005,2026,TESLA,MODEL Y,Battery Electric Vehicle (BEV),Eligibility unknown as battery range has not been researched,0,41,288967465,"{'type': 'Point', 'coordinates': [-122.1621, 47.64441]}",PUGET SOUND ENERGY INC||CITY OF TACOMA - (WA),53033023500
1GYC3NML3T,Snohomish,Marysville,WA,98270,2026,CADILLAC,VISTIQ,Battery Electric Vehicle (BEV),Eligibility unknown as battery range has not been researched,0,44,286215485,"{'type': 'Point', 'coordinates': [-122.1769, 48.06114]}",PUGET SOUND ENERGY INC,53061052711
5YJ3E1EA3T,King,Redmond,WA,98052,2026,TESLA,MODEL 3,Battery Electric Vehicle (BEV),Eligibility unknown as battery range has not been researched,0,45,294169613,"{'type': 'Point', 'coordinates': [-122.13158, 47.67858]}",PUGET SOUND ENERGY INC||CITY OF TACOMA - (WA),53033032323
7SAYGDEE1T,Kitsap,Bremerton,WA,98311,2026,TESLA,MODEL Y,Battery Electric Vehicle (BEV),Eligibility unknown as battery range has not been researched,0,23,293947328,"{'type': 'Point', 'coordinates': [-122.61158, 47.62691]}",PUGET SOUND ENERGY INC,53035091701
7SAYGDET6T,Snohomish,Lake Stevens,WA,98258,2026,TESLA,MODEL Y,Battery Electric Vehicle (BEV),Eligibility unknown as battery range has not been researched,0,44,294437405,"{'type': 'Point', 'coordinates': [-122.06402, 48.01497]}",PUGET SOUND ENERGY INC,53061052606
JTDACACU0T,Yakima,Yakima,WA,98903,2026,TOYOTA,PRIUS PRIME (PHEV),Plug-in Hybrid Electric Vehicle (PHEV),Clean Alternative Fuel Vehicle Eligible,44,14,290351897,"{'type': 'Point', 'coordinates': [-120.71847, 46.55029]}",PACIFICORP,53077002803
7YAKN4DA9T,King,Seattle,WA,98103,2026,HYUNDAI,IONIQ 5,Battery Electric Vehicle (BEV),Eligibility unknown as battery range has not been researched,0,43,291250830,"{'type': 'Point', 'coordinates': [-122.35436, 47.67596]}",CITY OF SEATTLE - (WA)|CITY OF TACOMA - (WA),53033005000
7SAYGDEE5T,King,Kirkland,WA,98034,2026,TESLA,MODEL Y,Battery Electric Vehicle (BEV),Eligibility unknown as battery range has not been researched,0,45,283995610,"{'type': 'Point', 'coordinates': [-122.22901, 47.72201]}",PUGET SOUND ENERGY INC||CITY OF TACOMA - (WA),53033021904
7SAYGDET7T,King,Kirkland,WA,98034,2026,TESLA,MODEL Y,Battery Electric Vehicle (BEV),Eligibility unknown as battery range has not been researched,0,1,292649346,"{'type': 'Point', 'coordinates': [-122.22901, 47.72201]}",PUGET SOUND ENERGY INC||CITY OF TACOMA - (WA),53033022203
7YAKNDDC5T,Pierce,Joint Base Lewis Mcchord,WA,98433,2026,HYUNDAI,IONIQ 5,Battery Electric Vehicle (BEV),Eligibility unknown as battery range has not been researched,0,28,289891731,"{'type': 'Point', 'coordinates': [-122.60761, 47.08798]}",PUGET SOUND ENERGY INC||CITY OF TACOMA - (WA),53053072907
7PDSGFBA0T,Benton,West Richland,WA,99353,2026,RIVIAN,R1S,Battery Electric Vehicle (BEV),Eligibility unknown as battery range has not been researched,0,8,294743249,"{'type': 'Point', 'coordinates': [-119.33836, 46.29696]}",BONNEVILLE POWER ADMINISTRATION||PUD NO 1 OF BENTON COUNTY,53005010708
YV4EK3CL9T,Snohomish,Bothell,WA,98012,2026,VOLVO,EX30 CC,Battery Electric Vehicle (BEV),Eligibility unknown as battery range has not been researched,0,21,289323653,"{'type': 'Point', 'coordinates': [-122.20105, 47.84423]}",PUGET SOUND ENERGY INC,53061051927
KNDPYDDH9T,King,Seattle,WA,98104,2026,KIA,SPORTAGE,Plug-in Hybrid Electric Vehicle (PHEV),Clean Alternative Fuel Vehicle Eligible,33,37,291192282,"{'type': 'Point', 'coordinates': [-122.32945, 47.60357]}",CITY OF SEATTLE - (WA)|CITY OF TACOMA - (WA),53033009100
7SAYGDEE6T,King,Maple Valley,WA,98010,2026,TESLA,MODEL Y,Battery Electric Vehicle (BEV),Eligibility unknown as battery range has not been researched,0,5,292245348,"{'type': 'Point', 'coordinates': [-122.00143, 47.30893]}",PUGET SOUND ENERGY INC||CITY OF TACOMA - (WA),53033031605
7SAYGDEE7T,King,Issaquah,WA,98029,2026,TESLA,MODEL Y,Battery Electric Vehicle (BEV),Eligibility unknown as battery range has not been researched,0,5,287257897,"{'type': 'Point', 'coordinates': [-122.01656, 47.57118]}",PUGET SOUND ENERGY INC||CITY OF TACOMA - (WA),53033032220
5XYAFFS59T,Kitsap,Port Orchard,WA,98366,2026,KIA,EV9,Battery Electric Vehicle (BEV),Eligibility unknown as battery range has not been researched,0,26,286165785,"{'type': 'Point', 'coordinates': [-122.63848, 47.5414]}",PUGET SOUND ENERGY INC,53035092300
7SAYGDED1T,King,Seattle,WA,98121,2026,TESLA,MODEL Y,Battery Electric Vehicle (BEV),Eligibility unknown as battery range has not been researched,0,36,291049804,"{'type': 'Point', 'coordinates': [-122.34468, 47.61578]}",CITY OF SEATTLE - (WA)|CITY OF TACOMA - (WA),53033008002
JTJBCACB9T,King,Seattle,WA,98144,2026,LEXUS,RZ,Battery Electric Vehicle (BEV),Eligibility unknown as battery range has not been researched,0,37,291989981,"{'type': 'Point', 'coordinates': [-122.30866, 47.57874]}",CITY OF SEATTLE - (WA)|CITY OF TACOMA - (WA),53033009400
WB543CF05T,Walla Walla,Walla Walla,WA,99362,2026,BMW,IX,Battery Electric Vehicle (BEV),Eligibility unknown as battery range has not been researched,0,16,290614075,"{'type': 'Point', 'coordinates': [-118.34261, 46.07068]}",PACIFICORP,53071920200
3GYK3DM45T,King,Covington,WA,98042,2026,CADILLAC,OPTIQ,Battery Electric Vehicle (BEV),Eligibility unknown as battery range has not been researched,0,47,293409021,"{'type': 'Point', 'coordinates': [-122.10798, 47.37124]}",PUGET SOUND ENERGY INC||CITY OF TACOMA - (WA),53033031710
7YAKNDDCXT,Snohomish,Marysville,WA,98270,2026,HYUNDAI,IONIQ 5,Battery Electric Vehicle (BEV),Eligibility unknown as battery range has not been researched,0,44,291653645,"{'type': 'Point', 'coordinates': [-122.1769, 48.06114]}",PUGET SOUND ENERGY INC,53061052710
7PDSGBBP0T,King,Kenmore,WA,98028,2026,RIVIAN,R1S,Battery Electric Vehicle (BEV),Eligibility unknown as battery range has not been researched,0,46,289114276,"{'type': 'Point', 'coordinates': [-122.24369, 47.75892]}",PUGET SOUND ENERGY INC||CITY OF TACOMA - (WA),53033022102
5XYAFFS51T,Kitsap,Bremerton,WA,98311,2026,KIA,EV9,Battery Electric Vehicle (BEV),Eligibility unknown as battery range has not been researched,0,23,292210796,"{'type': 'Point', 'coordinates': [-122.61158, 47.62691]}",PUGET SOUND ENERGY INC,53035091205
5NMMDET15T,Snohomish,Woodinville,WA,98072,2026,GENESIS,GV70,Battery Electric Vehicle (BEV),Eligibility unknown as battery range has not been researched,0,1,286165813,"{'type': 'Point', 'coordinates': [-122.15545, 47.75448]}",PUGET SOUND ENERGY INC,53061051912
7SAYGDET5T,Chelan,Chelan,WA,98816,2026,TESLA,MODEL Y,Battery Electric Vehicle (BEV),Eligibility unknown as battery range has not been researched,0,12,291847853,"{'type': 'Point', 'coordinates': [-120.01454, 47.83985]}",PUD NO 1 OF CHELAN COUNTY,53007960303
7UUG1GHJ6T,King,Redmond,WA,98053,2026,LUCID,GRAVITY,Battery Electric Vehicle (BEV),Eligibility unknown as battery range has not been researched,0,45,288415494,"{'type': 'Point', 'coordinates': [-122.03287, 47.68555]}",PUGET SOUND ENERGY INC||CITY OF TACOMA - (WA),53033032332
JTDACACU3T,Thurston,Olympia,WA,98512,2026,TOYOTA,PRIUS PRIME (PHEV),Plug-in Hybrid Electric Vehicle (PHEV),Clean Alternative Fuel Vehicle Eligible,44,35,292179485,"{'type': 'Point', 'coordinates': [-123.04078, 46.94792]}",PUGET SOUND ENERGY INC,53067011822
7SAYGDED0T,King,Bellevue,WA,98008,2026,TESLA,MODEL Y,Battery Electric Vehicle (BEV),Eligibility unknown as battery range has not been researched,0,48,289830299,"{'type': 'Point', 'coordinates': [-122.11867, 47.63131]}",PUGET SOUND ENERGY INC||CITY OF TACOMA - (WA),53033023202
7PDSGGBA6T,Kittitas,Ronald,WA,98940,2026,RIVIAN,R1S,Battery Electric Vehicle (BEV),Eligibility unknown as battery range has not been researched,0,13,288329156,"{'type': 'Point', 'coordinates': [-121.02627, 47.23781]}",PUGET SOUND ENERGY INC,53037975101
KNDPYDDH6T,King,Bellevue,WA,98005,2026,KIA,SPORTAGE,Plug-in Hybrid Electric Vehicle (PHEV),Clean Alternative Fuel Vehicle Eligible,33,48,292262442,"{'type': 'Point', 'coordinates': [-122.1621, 47.64441]}",PUGET SOUND ENERGY INC||CITY OF TACOMA - (WA),53033023702
7FCTGBAP5T,Pierce,Gig Harbor,WA,98335,2026,RIVIAN,R1T,Battery Electric Vehicle (BEV),Eligibility unknown as battery range has not been researched,0,26,292675778,"{'type': 'Point', 'coordinates': [-122.58009, 47.328]}",BONNEVILLE POWER ADMINISTRATION||CITY OF TACOMA - (WA)||PENINSULA LIGHT COMPANY,53053072406
7SAYGDED0T,King,Bellevue,WA,98005,2026,TESLA,MODEL Y,Battery Electric Vehicle (BEV),Eligibility unknown as battery range has not been researched,0,41,285153767,"{'type': 'Point', 'coordinates': [-122.1621, 47.64441]}",PUGET SOUND ENERGY INC||CITY OF TACOMA - (WA),53033023500
7G2CEHED9T,Snohomish,Woodinville,WA,98072,2026,TESLA,CYBERTRUCK,Battery Electric Vehicle (BEV),Eligibility unknown as battery range has not been researched,0,1,287578497,"{'type': 'Point', 'coordinates': [-122.15545, 47.75448]}",PUGET SOUND ENERGY INC,53061051912
JTJBCACB3T,Snohomish,Lake Stevens,WA,98258,2026,LEXUS,RZ,Battery Electric Vehicle (BEV),Eligibility unknown as battery range has not been researched,0,39,290127582,"{'type': 'Point', 'coordinates': [-122.06402, 48.01497]}",PUGET SOUND ENERGY INC,53061053505
7SAYGDEE0T,King,Kirkland,WA,98034,2026,TESLA,MODEL Y,Battery Electric Vehicle (BEV),Eligibility unknown as battery range has not been researched,0,45,292658362,"{'type': 'Point', 'coordinates': [-122.22901, 47.72201]}",PUGET SOUND ENERGY INC||CITY OF TACOMA - (WA),53033021904
7SAYGDEE0T,King,Bothell,WA,98011,2026,TESLA,MODEL Y,Battery Electric Vehicle (BEV),Eligibility unknown as battery range has not been researched,0,1,286473442,"{'type': 'Point', 'coordinates': [-122.20563, 47.76144]}",PUGET SOUND ENERGY INC||CITY OF TACOMA - (WA),53033021802
7SAYGDEEXT,Pierce,Puyallup,WA,98374,2026,TESLA,MODEL Y,Battery Electric Vehicle (BEV),Eligibility unknown as battery range has not been researched,0,2,291307915,"{'type': 'Point', 'coordinates': [-122.27504, 47.13926]}",PUGET SOUND ENERGY INC||CITY OF TACOMA - (WA),53053073129
5YJ3E1EA1T,Snohomish,Marysville,WA,98270,2026,TESLA,MODEL 3,Battery Electric Vehicle (BEV),Eligibility unknown as battery range has not been researched,0,44,292656654,"{'type': 'Point', 'coordinates': [-122.1769, 48.06114]}",PUGET SOUND ENERGY INC,53061052711
7SAYGDEE2T,Clark,Camas,WA,98607,2026,TESLA,MODEL Y,Battery Electric Vehicle (BEV),Eligibility unknown as battery range has not been researched,0,18,292095842,"{'type': 'Point', 'coordinates': [-122.40177, 45.58705]}",BONNEVILLE POWER ADMINISTRATION||PUD NO 1 OF CLARK COUNTY - (WA),53011040605
JTMBDAFB5T,Benton,West Richland,WA,99353,2026,TOYOTA,BZ,Battery Electric Vehicle (BEV),Eligibility unknown as battery range has not been researched,0,8,289727343,"{'type': 'Point', 'coordinates': [-119.33836, 46.29696]}",BONNEVILLE POWER ADMINISTRATION||PUD NO 1 OF BENTON COUNTY,53005010708
7SAYGDEE1T,Clark,Vancouver,WA,98686,2026,TESLA,MODEL Y,Battery Electric Vehicle (BEV),Eligibility unknown as battery range has not been researched,0,17,283422317,"{'type': 'Point', 'coordinates': [-122.62731, 45.71668]}",BONNEVILLE POWER ADMINISTRATION||PUD NO 1 OF CLARK COUNTY - (WA),53011040812
WBY43HD09T,Snohomish,Lynnwood,WA,98087,2026,BMW,I4,Battery Electric Vehicle (BEV),Eligibility unknown as battery range has not been researched,0,21,292524228,"{'type': 'Point', 'coordinates': [-122.27981, 47.85727]}",PUGET SOUND ENERGY INC,53061051803
7SAYGDEEXT,King,Kirkland,WA,98033,2026,TESLA,MODEL Y,Battery Electric Vehicle (BEV),Eligibility unknown as battery range has not been researched,0,48,282822473,"{'type': 'Point', 'coordinates': [-122.2066, 47.67887]}",PUGET SOUND ENERGY INC||CITY OF TACOMA - (WA),53033022502
7SAYGDET6T,Kitsap,Bremerton,WA,98310,2026,TESLA,MODEL Y,Battery Electric Vehicle (BEV),Eligibility unknown as battery range has not been researched,0,23,292551192,"{'type': 'Point', 'coordinates': [-122.61136, 47.5752]}",PUGET SOUND ENERGY INC,53035080102
3GN7DMRP6T,Snohomish,Everett,WA,98201,2026,CHEVROLET,EQUINOX,Battery Electric Vehicle (BEV),Eligibility unknown as battery range has not been researched,0,38,289924834,"{'type': 'Point', 'coordinates': [-122.20596, 47.97659]}",PUGET SOUND ENERGY INC,53061040700
5XYADFS51T,Snohomish,Bothell,WA,98021,2026,KIA,EV9,Battery Electric Vehicle (BEV),Eligibility unknown as battery range has not been researched,0,1,285213547,"{'type': 'Point', 'coordinates': [-122.18384, 47.8031]}",PUGET SOUND ENERGY INC,53061051918
KNDCR3L13T,Clark,Vancouver,WA,98686,2026,KIA,NIRO,Battery Electric Vehicle (BEV),Eligibility unknown as battery range has not been researched,0,49,293921939,"{'type': 'Point', 'coordinates': [-122.62731, 45.71668]}",BONNEVILLE POWER ADMINISTRATION||PUD NO 1 OF CLARK COUNTY - (WA),53011040803
7SAYGDEE9T,Snohomish,Everett,WA,98208,2026,TESLA,MODEL Y,Battery Electric Vehicle (BEV),Eligibility unknown as battery range has not been researched,0,38,287915197,"{'type': 'Point', 'coordinates': [-122.18637, 47.89251]}",PUGET SOUND ENERGY INC,53061041805
KNDPZDDH7T,King,Seattle,WA,98126,2026,KIA,SPORTAGE,Plug-in Hybrid Electric Vehicle (PHEV),Clean Alternative Fuel Vehicle Eligible,33,34,287178958,"{'type': 'Point', 'coordinates': [-122.36893, 47.54701]}",CITY OF SEATTLE - (WA)|CITY OF TACOMA - (WA),53033026600
7SAYGDEE5T,Clark,Vancouver,WA,98665,2026,TESLA,MODEL Y,Battery Electric Vehicle (BEV),Eligibility unknown as battery range has not been researched,0,49,289729639,"{'type': 'Point', 'coordinates': [-122.64443, 45.67871]}",BONNEVILLE POWER ADMINISTRATION||PUD NO 1 OF CLARK COUNTY - (WA),53011041010
5UX43EU06T,Snohomish,Lynnwood,WA,98037,2026,BMW,X5,Plug-in Hybrid Electric Vehicle (PHEV),Clean Alternative Fuel Vehicle Eligible,38,32,292102695,"{'type': 'Point', 'coordinates': [-122.27734, 47.83785]}",PUGET SOUND ENERGY INC,53061051602
7SAYGDEE6T,King,Duvall,WA,98019,2026,TESLA,MODEL Y,Battery Electric Vehicle (BEV),Eligibility unknown as battery range has not been researched,0,45,283290157,"{'type': 'Point', 'coordinates': [-121.98609, 47.74068]}",PUGET SOUND ENERGY INC||CITY OF TACOMA - (WA),53033032402
7SAYGDEE0T,Pierce,Gig Harbor,WA,98332,2026,TESLA,MODEL Y,Battery Electric Vehicle (BEV),Eligibility unknown as battery range has not been researched,0,26,290515179,"{'type': 'Point', 'coordinates': [-122.58965, 47.34235]}",BONNEVILLE POWER ADMINISTRATION||CITY OF TACOMA - (WA)||PENINSULA LIGHT COMPANY,53053072507
5YJ3E1EB2T,King,Renton,WA,98058,2026,TESLA,MODEL 3,Battery Electric Vehicle (BEV),Eligibility unknown as battery range has not been researched,0,11,285572080,"{'type': 'Point', 'coordinates': [-122.08747, 47.4466]}",PUGET SOUND ENERGY INC||CITY OF TACOMA - (WA),53033029304
7SAYGDEE1T,King,Duvall,WA,98019,2026,TESLA,MODEL Y,Battery Electric Vehicle (BEV),Eligibility unknown as battery range has not been researched,0,45,283477022,"{'type': 'Point', 'coordinates': [-121.98609, 47.74068]}",PUGET SOUND ENERGY INC||CITY OF TACOMA - (WA),53033032402
7SAYGDEE6T,King,Bothell,WA,98011,2026,TESLA,MODEL Y,Battery Electric Vehicle (BEV),Eligibility unknown as battery range has not been researched,0,1,284632883,"{'type': 'Point', 'coordinates': [-122.20563, 47.76144]}",PUGET SOUND ENERGY INC||CITY OF TACOMA - (WA),53033021803
7SAYGDEE9T,King,Redmond,WA,98053,2026,TESLA,MODEL Y,Battery Electric Vehicle (BEV),Eligibility unknown as battery range has not been researched,0,45,286453394,"{'type': 'Point', 'coordinates': [-122.03287, 47.68555]}",PUGET SOUND ENERGY INC||CITY OF TACOMA - (WA),53033032332
7SAYGDEE7T,Clark,Washougal,WA,98671,2026,TESLA,MODEL Y,Battery Electric Vehicle (BEV),Eligibility unknown as battery range has not been researched,0,18,280629331,"{'type': 'Point', 'coordinates': [-122.35341, 45.57923]}",BONNEVILLE POWER ADMINISTRATION||PACIFICORP||PUD NO 1 OF CLARK COUNTY - (WA),53011040605
7SAYGDED8T,Snohomish,Sultan,WA,98294,2026,TESLA,MODEL Y,Battery Electric Vehicle (BEV),Eligibility unknown as battery range has not been researched,0,39,283495495,"{'type': 'Point', 'coordinates': [-121.81688, 47.8623]}",PUGET SOUND ENERGY INC,53061053802
JTMBDAFC4T,Thurston,Lacey,WA,98516,2026,SUBARU,SOLTERRA,Battery Electric Vehicle (BEV),Eligibility unknown as battery range has not been researched,0,22,290220738,"{'type': 'Point', 'coordinates': [-122.78598, 47.08476]}",PUGET SOUND ENERGY INC,53067012226
7SAYGDEEXT,Snohomish,Edmonds,WA,98026,2026,TESLA,MODEL Y,Battery Electric Vehicle (BEV),Eligibility unknown as battery range has not been researched,0,21,287763703,"{'type': 'Point', 'coordinates': [-122.31768, 47.87166]}",PUGET SOUND ENERGY INC,53061050200
7SAYGDEE3T,King,Seattle,WA,98109,2026,TESLA,MODEL Y,Battery Electric Vehicle (BEV),Eligibility unknown as battery range has not been researched,0,43,291889272,"{'type': 'Point', 'coordinates': [-122.34845, 47.63283]}",CITY OF SEATTLE - (WA)|CITY OF TACOMA - (WA),53033007303
7SAYGDEE0T,King,Kenmore,WA,98028,2026,TESLA,MODEL Y,Battery Electric Vehicle (BEV),Eligibility unknown as battery range has not been researched,0,46,282631513,"{'type': 'Point', 'coordinates': [-122.24369, 47.75892]}",PUGET SOUND ENERGY INC||CITY OF TACOMA - (WA),53033021701
7SAYGDEE1T,King,Redmond,WA,98053,2026,TESLA,MODEL Y,Battery Electric Vehicle (BEV),Eligibility unknown as battery range has not been researched,0,48,280795833,"{'type': 'Point', 'coordinates': [-122.03287, 47.68555]}",PUGET SOUND ENERGY INC||CITY OF TACOMA - (WA),53033032313
JTMBEAGC5T,Pierce,Bonney Lake,WA,98391,2026,SUBARU,SOLTERRA,Battery Electric Vehicle (BEV),Eligibility unknown as battery range has not been researched,0,31,290567917,"{'type': 'Point', 'coordinates': [-122.17144, 47.19175]}",PUGET SOUND ENERGY INC||CITY OF TACOMA - (WA),53053070209
1GYC3NML8T,Whatcom,Bellingham,WA,98226,2026,CADILLAC,VISTIQ,Battery Electric Vehicle (BEV),Eligibility unknown as battery range has not been researched,0,40,286653013,"{'type': 'Point', 'coordinates': [-122.49756, 48.7999]}",PUGET SOUND ENERGY INC||PUD NO 1 OF WHATCOM COUNTY,53073000101
7SAYGDEE5T,Skagit,Mount Vernon,WA,98274,2026,TESLA,MODEL Y,Battery Electric Vehicle (BEV),Eligibility unknown as battery range has not been researched,0,10,286005401,"{'type': 'Point', 'coordinates': [-122.32295, 48.4152]}",PUGET SOUND ENERGY INC,53057952600
3GN7DMRP8T,King,Burien,WA,98146,2026,CHEVROLET,EQUINOX,Battery Electric Vehicle (BEV),Eligibility unknown as battery range has not been researched,0,34,291140419,"{'type': 'Point', 'coordinates': [-122.36322, 47.49736]}",CITY OF SEATTLE - (WA)|CITY OF TACOMA - (WA),53033027600
7SAYGDEE1T,Spokane,Greenacres,WA,99016,2026,TESLA,MODEL Y,Battery Electric Vehicle (BEV),Eligibility unknown as battery range has not been researched,0,4,283365540,"{'type': 'Point', 'coordinates': [-117.16242, 47.65738]}",BONNEVILLE POWER ADMINISTRATION||AVISTA CORP||INLAND POWER & LIGHT COMPANY,53063013003
JTJHKCFZ8T,King,Seattle,WA,98133,2026,LEXUS,NX,Plug-in Hybrid Electric Vehicle (PHEV),Clean Alternative Fuel Vehicle Eligible,37,46,290718081,"{'type': 'Point', 'coordinates': [-122.33364, 47.73709]}",CITY OF SEATTLE - (WA)|CITY OF TACOMA - (WA),53033001300
WP1AA2XA9T,Douglas,East Wenatchee,WA,98802,2026,PORSCHE,MACAN,Battery Electric Vehicle (BEV),Eligibility unknown as battery range has not been researched,0,12,291609762,"{'type': 'Point', 'coordinates': [-120.29473, 47.41515]}",PUD NO 1 OF DOUGLAS COUNTY,53017950600
JM3KKBHA1T,Pierce,Graham,WA,98338,2026,MAZDA,CX-90,Plug-in Hybrid Electric Vehicle (PHEV),Not eligible due to low battery range,27,2,291486506,"{'type': 'Point', 'coordinates': [-122.29477, 47.05703]}",PUGET SOUND ENERGY INC||CITY OF TACOMA - (WA),53053073119
7YAKPDDC5T,Pierce,Graham,WA,98338,2026,HYUNDAI,IONIQ 5,Battery Electric Vehicle (BEV),Eligibility unknown as battery range has not been researched,0,2,290855015,"{'type': 'Point', 'coordinates': [-122.29477, 47.05703]}",PUGET SOUND ENERGY INC||CITY OF TACOMA - (WA),53053073130
7SAYGDEDXT,Snohomish,Lynnwood,WA,98087,2026,TESLA,MODEL Y,Battery Electric Vehicle (BEV),Eligibility unknown as battery range has not been researched,0,21,286065097,"{'type': 'Point', 'coordinates': [-122.27981, 47.85727]}",PUGET SOUND ENERGY INC,53061041703
7SAYGDEE5T,Kitsap,Bremerton,WA,98311,2026,TESLA,MODEL Y,Battery Electric Vehicle (BEV),Eligibility unknown as battery range has not been researched,0,23,286155649,"{'type': 'Point', 'coordinates': [-122.61158, 47.62691]}",PUGET SOUND ENERGY INC,53035091600
7SAYGDEE2T,Snohomish,Marysville,WA,98270,2026,TESLA,MODEL Y,Battery Electric Vehicle (BEV),Eligibility unknown as battery range has not been researched,0,44,288048197,"{'type': 'Point', 'coordinates': [-122.1769, 48.06114]}",PUGET SOUND ENERGY INC,53061052711
5UX43EU05T,Douglas,East Wenatchee,WA,98802,2026,BMW,X5,Plug-in Hybrid Electric Vehicle (PHEV),Clean Alternative Fuel Vehicle Eligible,38,12,282640102,"{'type': 'Point', 'coordinates': [-120.29473, 47.41515]}",PUD NO 1 OF DOUGLAS COUNTY,53017950800
7SAYGDEE9T,King,Redmond,WA,98053,2026,TESLA,MODEL Y,Battery Electric Vehicle (BEV),Eligibility unknown as battery range has not been researched,0,45,279962385,"{'type': 'Point', 'coordinates': [-122.03287, 47.68555]}",PUGET SOUND ENERGY INC||CITY OF TACOMA - (WA),53033032332
JTM7ERAV4T,King,Seattle,WA,98103,2026,TOYOTA,RAV4 PRIME (PHEV),Plug-in Hybrid Electric Vehicle (PHEV),Clean Alternative Fuel Vehicle Eligible,52,43,292938551,"{'type': 'Point', 'coordinates': [-122.35436, 47.67596]}",CITY OF SEATTLE - (WA)|CITY OF TACOMA - (WA),53033003601
5XYADFS58T,Spokane,Spokane,WA,99208,2026,KIA,EV9,Battery Electric Vehicle (BEV),Eligibility unknown as battery range has not been researched,0,6,292397164,"{'type': 'Point', 'coordinates': [-117.45005, 47.7333]}",BONNEVILLE POWER ADMINISTRATION||AVISTA CORP||INLAND POWER & LIGHT COMPANY,53063010702
JTMAAAAD9T,Snohomish,Arlington,WA,98223,2026,TOYOTA,C-HR,Battery Electric Vehicle (BEV),Eligibility unknown as battery range has not been researched,0,39,294437881,"{'type': 'Point', 'coordinates': [-122.1264, 48.19471]}",BONNEVILLE POWER ADMINISTRATION||PUD 1 OF SNOHOMISH COUNTY,53061053510
7SAYGDEEXT,Pierce,Tacoma,WA,98444,2026,TESLA,MODEL Y,Battery Electric Vehicle (BEV),Eligibility unknown as battery range has not been researched,0,29,280540697,"{'type': 'Point', 'coordinates': [-122.43828, 47.15258]}",BONNEVILLE POWER ADMINISTRATION||CITY OF TACOMA - (WA)||PARKLAND LIGHT & WATER COMPANY|PENINSULA LIGHT COMPANY,53053071504
7SAYGDEE5T,Benton,Richland,WA,99352,2026,TESLA,MODEL Y,Battery Electric Vehicle (BEV),Eligibility unknown as battery range has not been researched,0,8,282288499,"{'type': 'Point', 'coordinates': [-119.27372, 46.27391]}",BONNEVILLE POWER ADMINISTRATION||CITY OF RICHLAND - (WA),53005010818
WBY43HD07T,Snohomish,Lynnwood,WA,98037,2026,BMW,I4,Battery Electric Vehicle (BEV),Eligibility unknown as battery range has not been researched,0,32,292320920,"{'type': 'Point', 'coordinates': [-122.27734, 47.83785]}",PUGET SOUND ENERGY INC,53061051602
5UX43EU00T,Pierce,Gig Harbor,WA,98335,2026,BMW,X5,Plug-in Hybrid Electric Vehicle (PHEV),Clean Alternative Fuel Vehicle Eligible,38,26,282166146,"{'type': 'Point', 'coordinates': [-122.58009, 47.328]}",BONNEVILLE POWER ADMINISTRATION||CITY OF TACOMA - (WA)||PENINSULA LIGHT COMPANY,53053072408
WBS83GV02T,King,Mercer Island,WA,98040,2026,BMW,M5,Plug-in Hybrid Electric Vehicle (PHEV),Not eligible due to low battery range,24,41,285377354,"{'type': 'Point', 'coordinates': [-122.21238, 47.57816]}",PUGET SOUND ENERGY INC||CITY OF TACOMA - (WA),53033024500
7YAMYFS53T,Pierce,Orting,WA,98360,2026,HYUNDAI,IONIQ 9,Battery Electric Vehicle (BEV),Eligibility unknown as battery range has not been researched,0,31,281763177,"{'type': 'Point', 'coordinates': [-122.20166, 47.09596]}",PUGET SOUND ENERGY INC||CITY OF TACOMA - (WA),53053070100
7YAKR4DA3T,King,Seattle,WA,98115,2026,HYUNDAI,IONIQ 5,Battery Electric Vehicle (BEV),Eligibility unknown as battery range has not been researched,0,43,292867382,"{'type': 'Point', 'coordinates': [-122.31676, 47.68156]}",CITY OF SEATTLE - (WA)|CITY OF TACOMA - (WA),53033003601
7SAYGDEE2T,Spokane,Spokane,WA,99224,2026,TESLA,MODEL Y,Battery Electric Vehicle (BEV),Eligibility unknown as battery range has not been researched,0,6,284331918,"{'type': 'Point', 'coordinates': [-117.46996, 47.59431]}",BONNEVILLE POWER ADMINISTRATION||AVISTA CORP||INLAND POWER & LIGHT COMPANY,53063013503
7SAYGDED5T,Cowlitz,Longview,WA,98632,2026,TESLA,MODEL Y,Battery Electric Vehicle (BEV),Eligibility unknown as battery range has not been researched,0,19,290455441,"{'type': 'Point', 'coordinates': [-122.95058, 46.14681]}",BONNEVILLE POWER ADMINISTRATION||PUD NO 1 OF COWLITZ COUNTY,53015000703
3GPKHZRJXT,King,Kirkland,WA,98011,2026,HONDA,PROLOGUE,Battery Electric Vehicle (BEV),Eligibility unknown as battery range has not been researched,0,1,292505678,"{'type': 'Point', 'coordinates': [-122.20563, 47.76144]}",PUGET SOUND ENERGY INC||CITY OF TACOMA - (WA),53033022102
3GNKDERLXT,Macomb,Warren,MI,48092,2026,CHEVROLET,BLAZER,Battery Electric Vehicle (BEV),Eligibility unknown as battery range has not been researched,0,,290767613,"{'type': 'Point', 'coordinates': [-83.04914, 42.52509]}",NON WASHINGTON STATE ELECTRIC UTILITY,26099262100
YV4EK3ZL5T,Kitsap,Bainbridge Island,WA,98110,2026,VOLVO,EX30,Battery Electric Vehicle (BEV),Eligibility unknown as battery range has not been researched,0,23,290213311,"{'type': 'Point', 'coordinates': [-122.521, 47.62759]}",PUGET SOUND ENERGY INC,53035090902
7SAYGDED4T,Thurston,Tumwater,WA,98501,2026,TESLA,MODEL Y,Battery Electric Vehicle (BEV),Eligibility unknown as battery range has not been researched,0,22,292839662,"{'type': 'Point', 'coordinates': [-122.89165, 47.03954]}",PUGET SOUND ENERGY INC,53067010802
7SAYGDET3T,King,Renton,WA,98058,2026,TESLA,MODEL Y,Battery Electric Vehicle (BEV),Eligibility unknown as battery range has not been researched,0,11,287546577,"{'type': 'Point', 'coordinates': [-122.08747, 47.4466]}",PUGET SOUND ENERGY INC||CITY OF TACOMA - (WA),53033031910
7SAYGDEE0T,Spokane,Spokane,WA,99212,2026,TESLA,MODEL Y,Battery Electric Vehicle (BEV),Eligibility unknown as battery range has not been researched,0,4,293458476,"{'type': 'Point', 'coordinates': [-117.31205, 47.66648]}",BONNEVILLE POWER ADMINISTRATION||VERA IRRIGATION DISTRICT #15,53063011301
7SAYGDED7T,Pierce,Lakewood,WA,98499,2026,TESLA,MODEL Y,Battery Electric Vehicle (BEV),Eligibility unknown as battery range has not been researched,0,29,281749338,"{'type': 'Point', 'coordinates': [-122.51495, 47.16196]}",BONNEVILLE POWER ADMINISTRATION||CITY OF TACOMA - (WA)||PENINSULA LIGHT COMPANY,53053071807
7SAYGDEE5T,Pierce,Bonney Lake,WA,98391,2026,TESLA,MODEL Y,Battery Electric Vehicle (BEV),Eligibility unknown as battery range has not been researched,0,31,292492273,"{'type': 'Point', 'coordinates': [-122.17144, 47.19175]}",PUGET SOUND ENERGY INC||CITY OF TACOMA - (WA),53053070312
5YJ3E1EA4T,Snohomish,Mukilteo,WA,98275,2026,TESLA,MODEL 3,Battery Electric Vehicle (BEV),Eligibility unknown as battery range has not been researched,0,21,294105717,"{'type': 'Point', 'coordinates': [-122.29196, 47.89908]}",PUGET SOUND ENERGY INC,53061041301
7SAXCBE54T,Skagit,Mount Vernon,WA,98274,2026,TESLA,MODEL X,Battery Electric Vehicle (BEV),Eligibility unknown as battery range has not been researched,0,10,290404957,"{'type': 'Point', 'coordinates': [-122.32295, 48.4152]}",PUGET SOUND ENERGY INC,53057951200
7SAYGDEE6T,Clark,Ridgefield,WA,98642,2026,TESLA,MODEL Y,Battery Electric Vehicle (BEV),Eligibility unknown as battery range has not been researched,0,18,289659828,"{'type': 'Point', 'coordinates': [-122.74595, 45.81539]}",BONNEVILLE POWER ADMINISTRATION||PUD NO 1 OF CLARK COUNTY - (WA),53011040910
1GYKPURL7T,King,Bellevue,WA,98027,2026,CADILLAC,LYRIQ,Battery Electric Vehicle (BEV),Eligibility unknown as battery range has not been researched,0,41,290636097,"{'type': 'Point', 'coordinates': [-122.03439, 47.5301]}",PUGET SOUND ENERGY INC||CITY OF TACOMA - (WA),53033025008
7SAYGDEE4T,King,Seattle,WA,98178,2026,TESLA,MODEL Y,Battery Electric Vehicle (BEV),Eligibility unknown as battery range has not been researched,0,37,288935559,"{'type': 'Point', 'coordinates': [-122.25031, 47.49481]}",PUGET SOUND ENERGY INC||CITY OF TACOMA - (WA),53033026004
JTMAAAAE1T,King,Enumclaw,WA,98022,2026,SUBARU,UNCHARTED,Battery Electric Vehicle (BEV),Eligibility unknown as battery range has not been researched,0,31,290975471,"{'type': 'Point', 'coordinates': [-121.99136, 47.20433]}",PUGET SOUND ENERGY INC||CITY OF TACOMA - (WA),53033031502
7FCTGBAP2T,King,Kirkland,WA,98033,2026,RIVIAN,R1T,Battery Electric Vehicle (BEV),Eligibility unknown as battery range has not been researched,0,48,286417351,"{'type': 'Point', 'coordinates': [-122.2066, 47.67887]}",PUGET SOUND ENERGY INC||CITY OF TACOMA - (WA),53033022502
7SAYGDEE7T,King,Kirkland,WA,98033,2026,TESLA,MODEL Y,Battery Electric Vehicle (BEV),Eligibility unknown as battery range has not been researched,0,48,286024805,"{'type': 'Point', 'coordinates': [-122.2066, 47.67887]}",PUGET SOUND ENERGY INC||CITY OF TACOMA - (WA),53033022502
7PDSGGBA1T,Kitsap,Port Orchard,WA,98367,2026,RIVIAN,R1S,Battery Electric Vehicle (BEV),Eligibility unknown as battery range has not been researched,0,35,285131213,"{'type': 'Point', 'coordinates': [-122.68516, 47.50645]}",PUGET SOUND ENERGY INC,53035092101
5YJSA1E66T,King,Redmond,WA,98052,2026,TESLA,MODEL S,Battery Electric Vehicle (BEV),Eligibility unknown as battery range has not been researched,0,48,289030864,"{'type': 'Point', 'coordinates': [-122.13158, 47.67858]}",PUGET SOUND ENERGY INC||CITY OF TACOMA - (WA),53033032325
7SAYGDEE7T,Spokane,Spokane,WA,99208,2026,TESLA,MODEL Y,Battery Electric Vehicle (BEV),Eligibility unknown as battery range has not been researched,0,6,286255595,"{'type': 'Point', 'coordinates': [-117.45005, 47.7333]}",BONNEVILLE POWER ADMINISTRATION||AVISTA CORP||INLAND POWER & LIGHT COMPANY,53063010701
5YJ3E1EA9T,King,Redmond,WA,98052,2026,TESLA,MODEL 3,Battery Electric Vehicle (BEV),Eligibility unknown as battery range has not been researched,0,48,292421328,"{'type': 'Point', 'coordinates': [-122.13158, 47.67858]}",PUGET SOUND ENERGY INC||CITY OF TACOMA - (WA),53033032331
1GYC3NML2T,Kitsap,Port Orchard,WA,98367,2026,CADILLAC,VISTIQ,Battery Electric Vehicle (BEV),Eligibility unknown as battery range has not been researched,0,26,285853725,"{'type': 'Point', 'coordinates': [-122.68516, 47.50645]}",PUGET SOUND ENERGY INC,53035092101
7SAYGDEE8T,Snohomish,Snohomish,WA,98296,2026,TESLA,MODEL Y,Battery Electric Vehicle (BEV),Eligibility unknown as battery range has not been researched,0,44,286790409,"{'type': 'Point', 'coordinates': [-122.1389, 47.87115]}",PUGET SOUND ENERGY INC,53061052122
JTMBEAGC6T,King,Seattle,WA,98126,2026,SUBARU,SOLTERRA,Battery Electric Vehicle (BEV),Eligibility unknown as battery range has not been researched,0,34,291315601,"{'type': 'Point', 'coordinates': [-122.36893, 47.54701]}",CITY OF SEATTLE - (WA)|CITY OF TACOMA - (WA),53033011402
JTJBCACB6T,Snohomish,Edmonds,WA,98026,2026,LEXUS,RZ,Battery Electric Vehicle (BEV),Eligibility unknown as battery range has not been researched,0,21,289371141,"{'type': 'Point', 'coordinates': [-122.31768, 47.87166]}",PUGET SOUND ENERGY INC,53061050200
7SAYGDED6T,Snohomish,Marysville,WA,98271,2026,TESLA,MODEL Y,Battery Electric Vehicle (BEV),Eligibility unknown as battery range has not been researched,0,38,291636523,"{'type': 'Point', 'coordinates': [-122.17138, 48.10433]}",PUGET SOUND ENERGY INC,53061052808
YV4H60RD3T,King,Seattle,WA,98106,2026,VOLVO,XC60,Plug-in Hybrid Electric Vehicle (PHEV),Clean Alternative Fuel Vehicle Eligible,35,34,287305959,"{'type': 'Point', 'coordinates': [-122.35163, 47.54287]}",CITY OF SEATTLE - (WA)|CITY OF TACOMA - (WA),53033011300
7SAXCDE58T,Pierce,Steilacoom,WA,98388,2026,TESLA,MODEL X,Battery Electric Vehicle (BEV),Eligibility unknown as battery range has not been researched,0,28,291923607,"{'type': 'Point', 'coordinates': [-122.59802, 47.17303]}",BONNEVILLE POWER ADMINISTRATION||TOWN OF STEILACOOM|CITY OF TACOMA - (WA)||PENINSULA LIGHT COMPANY,53053072111
5UX43EU05T,Pierce,Puyallup,WA,98371,2026,BMW,X5,Plug-in Hybrid Electric Vehicle (PHEV),Clean Alternative Fuel Vehicle Eligible,38,25,291238692,"{'type': 'Point', 'coordinates': [-122.29521, 47.19045]}",PUGET SOUND ENERGY INC||CITY OF TACOMA - (WA),53053071205
3GPKHXRJXT,King,Federal Way,WA,98003,2026,HONDA,PROLOGUE,Battery Electric Vehicle (BEV),Eligibility unknown as battery range has not been researched,0,30,291992025,"{'type': 'Point', 'coordinates': [-122.3303, 47.30151]}",PUGET SOUND ENERGY INC||CITY OF TACOMA - (WA),53033030008
7YAKNDDC4T,Pierce,Sumner,WA,98390,2026,HYUNDAI,IONIQ 5,Battery Electric Vehicle (BEV),Eligibility unknown as battery range has not been researched,0,31,292467122,"{'type': 'Point', 'coordinates': [-122.23972, 47.2022]}",PUGET SOUND ENERGY INC||CITY OF TACOMA - (WA),53053073302
7SAYGDED5T,King,Issaquah,WA,98029,2026,TESLA,MODEL Y,Battery Electric Vehicle (BEV),Eligibility unknown as battery range has not been researched,0,5,280665773,"{'type': 'Point', 'coordinates': [-122.01656, 47.57118]}",PUGET SOUND ENERGY INC||CITY OF TACOMA - (WA),53033032220
3GN7DMRR1T,Pierce,Bonney Lake,WA,98391,2026,CHEVROLET,EQUINOX,Battery Electric Vehicle (BEV),Eligibility unknown as battery range has not been researched,0,31,291733235,"{'type': 'Point', 'coordinates': [-122.17144, 47.19175]}",PUGET SOUND ENERGY INC||CITY OF TACOMA - (WA),53053070204
7SAYGDED0T,King,Seattle,WA,98107,2026,TESLA,MODEL Y,Battery Electric Vehicle (BEV),Eligibility unknown as battery range has not been researched,0,43,287738685,"{'type': 'Point', 'coordinates': [-122.38591, 47.67597]}",CITY OF SEATTLE - (WA)|CITY OF TACOMA - (WA),53033004800
7SAYGDED9T,King,Kirkland,WA,98034,2026,TESLA,MODEL Y,Battery Electric Vehicle (BEV),Eligibility unknown as battery range has not been researched,0,45,294393949,"{'type': 'Point', 'coordinates': [-122.22901, 47.72201]}",PUGET SOUND ENERGY INC||CITY OF TACOMA - (WA),53033022205
5XYAEFS50T,King,Bellevue,WA,98004,2026,KIA,EV9,Battery Electric Vehicle (BEV),Eligibility unknown as battery range has not been researched,0,48,291125768,"{'type': 'Point', 'coordinates': [-122.1872, 47.61001]}",PUGET SOUND ENERGY INC||CITY OF TACOMA - (WA),53033024001
7SAYGDEE3T,Whatcom,Blaine,WA,98230,2026,TESLA,MODEL Y,Battery Electric Vehicle (BEV),Eligibility unknown as battery range has not been researched,0,42,292219532,"{'type': 'Point', 'coordinates': [-122.74823, 48.99405]}",PUGET SOUND ENERGY INC||PUD NO 1 OF WHATCOM COUNTY,53073010411
7SAYGDED6T,King,Shoreline,WA,98133,2026,TESLA,MODEL Y,Battery Electric Vehicle (BEV),Eligibility unknown as battery range has not been researched,0,32,291977479,"{'type': 'Point', 'coordinates': [-122.33364, 47.73709]}",CITY OF SEATTLE - (WA)|CITY OF TACOMA - (WA),53033021000
3GN7DNRP9T,King,Seattle,WA,98133,2026,CHEVROLET,EQUINOX,Battery Electric Vehicle (BEV),Eligibility unknown as battery range has not been researched,0,46,290299649,"{'type': 'Point', 'coordinates': [-122.33364, 47.73709]}",CITY OF SEATTLE - (WA)|CITY OF TACOMA - (WA),53033001300
7SAYGDEEXT,King,Sammamish,WA,98074,2026,TESLA,MODEL Y,Battery Electric Vehicle (BEV),Eligibility unknown as battery range has not been researched,0,45,294088973,"{'type': 'Point', 'coordinates': [-122.02054, 47.60326]}",PUGET SOUND ENERGY INC||CITY OF TACOMA - (WA),53033032316
7YAKMDDCXT,Snohomish,Sultan,WA,98294,2026,HYUNDAI,IONIQ 5,Battery Electric Vehicle (BEV),Eligibility unknown as battery range has not been researched,0,39,291212092,"{'type': 'Point', 'coordinates': [-121.81688, 47.8623]}",PUGET SOUND ENERGY INC,53061053802
1GYKPNRL6T,Pierce,Puyallup,WA,98374,2026,CADILLAC,LYRIQ,Battery Electric Vehicle (BEV),Eligibility unknown as battery range has not been researched,0,25,291350020,"{'type': 'Point', 'coordinates': [-122.27504, 47.13926]}",PUGET SOUND ENERGY INC||CITY OF TACOMA - (WA),53053071207
7SAYGDEE4T,King,Covington,WA,98042,2026,TESLA,MODEL Y,Battery Electric Vehicle (BEV),Eligibility unknown as battery range has not been researched,0,47,285767730,"{'type': 'Point', 'coordinates': [-122.10798, 47.37124]}",PUGET SOUND ENERGY INC||CITY OF TACOMA - (WA),53033032006
7SAYGDEE5T,Skagit,Sedro-Woolley,WA,98284,2026,TESLA,MODEL Y,Battery Electric Vehicle (BEV),Eligibility unknown as battery range has not been researched,0,39,281355973,"{'type': 'Point', 'coordinates': [-122.23857, 48.50879]}",PUGET SOUND ENERGY INC,53057950900
7SAYGDEE8T,Snohomish,Bothell,WA,98012,2026,TESLA,MODEL Y,Battery Electric Vehicle (BEV),Eligibility unknown as battery range has not been researched,0,21,292650648,"{'type': 'Point', 'coordinates': [-122.20105, 47.84423]}",PUGET SOUND ENERGY INC,53061051927
7SAYGAEE1T,Kittitas,South Cle Elum,WA,98943,2026,TESLA,MODEL Y,Battery Electric Vehicle (BEV),Eligibility unknown as battery range has not been researched,0,13,291034467,"{'type': 'Point', 'coordinates': [-120.94822, 47.18891]}",PUGET SOUND ENERGY INC,53037975102
JTM7ERAV4T,King,Seattle,WA,98103,2026,TOYOTA,RAV4 PRIME (PHEV),Plug-in Hybrid Electric Vehicle (PHEV),Clean Alternative Fuel Vehicle Eligible,52,43,292436441,"{'type': 'Point', 'coordinates': [-122.35436, 47.67596]}",CITY OF SEATTLE - (WA)|CITY OF TACOMA - (WA),53033005402
JTHBDCD15T,Spokane,Spokane,WA,99205,2026,LEXUS,ES,Battery Electric Vehicle (BEV),Eligibility unknown as battery range has not been researched,0,3,292057034,"{'type': 'Point', 'coordinates': [-117.45674, 47.69963]}",MODERN ELECTRIC WATER COMPANY,53063001900
5YJ3E1EA2T,King,Seattle,WA,98118,2026,TESLA,MODEL 3,Battery Electric Vehicle (BEV),Eligibility unknown as battery range has not been researched,0,37,291956423,"{'type': 'Point', 'coordinates': [-122.28083, 47.54693]}",CITY OF SEATTLE - (WA)|CITY OF TACOMA - (WA),53033010302
7SAYGDEE9T,King,Seattle,WA,98103,2026,TESLA,MODEL Y,Battery Electric Vehicle (BEV),Eligibility unknown as battery range has not been researched,0,46,279158932,"{'type': 'Point', 'coordinates': [-122.35436, 47.67596]}",CITY OF SEATTLE - (WA)|CITY OF TACOMA - (WA),53033001800
7SAYGDEE4T,Whitman,Pullman,WA,99163,2026,TESLA,MODEL Y,Battery Electric Vehicle (BEV),Eligibility unknown as battery range has not been researched,0,9,283111804,"{'type': 'Point', 'coordinates': [-117.18147, 46.73015]}",AVISTA CORP,53075000300
5YJ3E1EA7T,Franklin,Pasco,WA,99301,2026,TESLA,MODEL 3,Battery Electric Vehicle (BEV),Eligibility unknown as battery range has not been researched,0,9,294419961,"{'type': 'Point', 'coordinates': [-119.09467, 46.23542]}",BONNEVILLE POWER ADMINISTRATION||PUD NO 1 OF FRANKLIN COUNTY,53021020606
JTM7ERAV6T,Clark,Vancouver,WA,98686,2026,TOYOTA,RAV4 PRIME (PHEV),Plug-in Hybrid Electric Vehicle (PHEV),Clean Alternative Fuel Vehicle Eligible,52,17,292515576,"{'type': 'Point', 'coordinates': [-122.62731, 45.71668]}",BONNEVILLE POWER ADMINISTRATION||PUD NO 1 OF CLARK COUNTY - (WA),53011040811
7SAYGDEE0T,King,Tukwila,WA,98188,2026,TESLA,MODEL Y,Battery Electric Vehicle (BEV),Eligibility unknown as battery range has not been researched,0,11,280602563,"{'type': 'Point', 'coordinates': [-122.27979, 47.44952]}",PUGET SOUND ENERGY INC||CITY OF TACOMA - (WA),53033026200
5YJ3E1EBXT,King,Bellevue,WA,98005,2026,TESLA,MODEL 3,Battery Electric Vehicle (BEV),Eligibility unknown as battery range has not been researched,0,48,286750152,"{'type': 'Point', 'coordinates': [-122.1621, 47.64441]}",PUGET SOUND ENERGY INC||CITY OF TACOMA - (WA),53033023702
7SAYGDEEXT,Snohomish,Bothell,WA,98012,2026,TESLA,MODEL Y,Battery Electric Vehicle (BEV),Eligibility unknown as battery range has not been researched,0,44,279099614,"{'type': 'Point', 'coordinates': [-122.20105, 47.84423]}",PUGET SOUND ENERGY INC,53061052007
5YJ3E1EA7T,Pierce,Bonney Lake,WA,98391,2026,TESLA,MODEL 3,Battery Electric Vehicle (BEV),Eligibility unknown as battery range has not been researched,0,31,293847102,"{'type': 'Point', 'coordinates': [-122.17144, 47.19175]}",PUGET SOUND ENERGY INC||CITY OF TACOMA - (WA),53053070309
7SAYGDEE7T,Snohomish,Bothell,WA,98012,2026,TESLA,MODEL Y,Battery Electric Vehicle (BEV),Eligibility unknown as battery range has not been researched,0,1,290637819,"{'type': 'Point', 'coordinates': [-122.20105, 47.84423]}",PUGET SOUND ENERGY INC,53061052009
7SAYGDED9T,King,Seattle,WA,98121,2026,TESLA,MODEL Y,Battery Electric Vehicle (BEV),Eligibility unknown as battery range has not been researched,0,36,290418551,"{'type': 'Point', 'coordinates': [-122.34468, 47.61578]}",CITY OF SEATTLE - (WA)|CITY OF TACOMA - (WA),53033008002
7SAYGDED7T,King,Kirkland,WA,98011,2026,TESLA,MODEL Y,Battery Electric Vehicle (BEV),Eligibility unknown as battery range has not been researched,0,1,285283981,"{'type': 'Point', 'coordinates': [-122.20563, 47.76144]}",PUGET SOUND ENERGY INC||CITY OF TACOMA - (WA),53033022102
7G2CEHED8T,King,Auburn,WA,98092,2026,TESLA,CYBERTRUCK,Battery Electric Vehicle (BEV),Eligibility unknown as battery range has not been researched,0,47,293575285,"{'type': 'Point', 'coordinates': [-122.18263, 47.31825]}",PUGET SOUND ENERGY INC||CITY OF TACOMA - (WA),53033029602
7SAYGDEE7T,Snohomish,Bothell,WA,98021,2026,TESLA,MODEL Y,Battery Electric Vehicle (BEV),Eligibility unknown as battery range has not been researched,0,1,282680338,"{'type': 'Point', 'coordinates': [-122.18384, 47.8031]}",PUGET SOUND ENERGY INC,53061051926
7SAYGDEE6T,King,Seattle,WA,98109,2026,TESLA,MODEL Y,Battery Electric Vehicle (BEV),Eligibility unknown as battery range has not been researched,0,43,281969817,"{'type': 'Point', 'coordinates': [-122.34845, 47.63283]}",CITY OF SEATTLE - (WA)|CITY OF TACOMA - (WA),53033007303
7SAYGDED3T,King,Redmond,WA,98052,2026,TESLA,MODEL Y,Battery Electric Vehicle (BEV),Eligibility unknown as battery range has not been researched,0,48,294229337,"{'type': 'Point', 'coordinates': [-122.13158, 47.67858]}",PUGET SOUND ENERGY INC||CITY OF TACOMA - (WA),53033032313
7SAYGDEE7T,Snohomish,Bothell,WA,98021,2026,TESLA,MODEL Y,Battery Electric Vehicle (BEV),Eligibility unknown as battery range has not been researched,0,1,289834499,"{'type': 'Point', 'coordinates': [-122.18384, 47.8031]}",PUGET SOUND ENERGY INC,53061051938
7SAYGDEE1T,King,Kirkland,WA,98033,2026,TESLA,MODEL Y,Battery Electric Vehicle (BEV),Eligibility unknown as battery range has not been researched,0,48,279325084,"{'type': 'Point', 'coordinates': [-122.2066, 47.67887]}",PUGET SOUND ENERGY INC||CITY OF TACOMA - (WA),53033022701
7SAYGAEE4T,Whatcom,Ferndale,WA,98248,2026,TESLA,MODEL Y,Battery Electric Vehicle (BEV),Eligibility unknown as battery range has not been researched,0,42,291494598,"{'type': 'Point', 'coordinates': [-122.5945, 48.84787]}",PUGET SOUND ENERGY INC||PUD NO 1 OF WHATCOM COUNTY,53073010504
5YJ3E1EA2T,Snohomish,Lynnwood,WA,98087,2026,TESLA,MODEL 3,Battery Electric Vehicle (BEV),Eligibility unknown as battery range has not been researched,0,21,292440452,"{'type': 'Point', 'coordinates': [-122.27981, 47.85727]}",PUGET SOUND ENERGY INC,53061051803
7SAYGDEE1T,Snohomish,Everett,WA,98208,2026,TESLA,MODEL Y,Battery Electric Vehicle (BEV),Eligibility unknown as battery range has not been researched,0,38,292529646,"{'type': 'Point', 'coordinates': [-122.18637, 47.89251]}",PUGET SOUND ENERGY INC,53061041805
7SAYGDEE2T,Mason,Tahuya,WA,98588,2026,TESLA,MODEL Y,Battery Electric Vehicle (BEV),Eligibility unknown as battery range has not been researched,0,35,285276757,"{'type': 'Point', 'coordinates': [-123.03919, 47.37969]}",BONNEVILLE POWER ADMINISTRATION||CITY OF TACOMA - (WA)||PUD NO 3 OF MASON COUNTY,53045960301
7SAYGDEE8T,Snohomish,Lynnwood,WA,98087,2026,TESLA,MODEL Y,Battery Electric Vehicle (BEV),Eligibility unknown as battery range has not been researched,0,21,293832528,"{'type': 'Point', 'coordinates': [-122.27981, 47.85727]}",PUGET SOUND ENERGY INC,53061051803
7SAYGDEE2T,King,Bellevue,WA,98005,2026,TESLA,MODEL Y,Battery Electric Vehicle (BEV),Eligibility unknown as battery range has not been researched,0,41,284879647,"{'type': 'Point', 'coordinates': [-122.1621, 47.64441]}",PUGET SOUND ENERGY INC||CITY OF TACOMA - (WA),53033023500
7SAYGDEE1T,Snohomish,Snohomish,WA,98296,2026,TESLA,MODEL Y,Battery Electric Vehicle (BEV),Eligibility unknown as battery range has not been researched,0,44,290796334,"{'type': 'Point', 'coordinates': [-122.1389, 47.87115]}",PUGET SOUND ENERGY INC,53061052122
7YAKNDDC2T,Spokane,Spokane,WA,99208,2026,HYUNDAI,IONIQ 5,Battery Electric Vehicle (BEV),Eligibility unknown as battery range has not been researched,0,7,292236199,"{'type': 'Point', 'coordinates': [-117.45005, 47.7333]}",BONNEVILLE POWER ADMINISTRATION||AVISTA CORP||INLAND POWER & LIGHT COMPANY,53063010508
5YJ3E1EB8T,King,Bothell,WA,98011,2026,TESLA,MODEL 3,Battery Electric Vehicle (BEV),Eligibility unknown as battery range has not been researched,0,1,291965180,"{'type': 'Point', 'coordinates': [-122.20563, 47.76144]}",PUGET SOUND ENERGY INC||CITY OF TACOMA - (WA),53033021701
7SAYGDEE6T,Snohomish,Sultan,WA,98294,2026,TESLA,MODEL Y,Battery Electric Vehicle (BEV),Eligibility unknown as battery range has not been researched,0,39,282787977,"{'type': 'Point', 'coordinates': [-121.81688, 47.8623]}",PUGET SOUND ENERGY INC,53061053802
5YJ3E1EA5T,Snohomish,Edmonds,WA,98026,2026,TESLA,MODEL 3,Battery Electric Vehicle (BEV),Eligibility unknown as battery range has not been researched,0,32,287313470,"{'type': 'Point', 'coordinates': [-122.31768, 47.87166]}",PUGET SOUND ENERGY INC,53061050800
7SAYGDEE6T,Thurston,Lacey,WA,98516,2026,TESLA,MODEL Y,Battery Electric Vehicle (BEV),Eligibility unknown as battery range has not been researched,0,22,280370345,"{'type': 'Point', 'coordinates': [-122.78598, 47.08476]}",PUGET SOUND ENERGY INC,53067012226
7SAYGDEE1T,Clark,Camas,WA,98607,2026,TESLA,MODEL Y,Battery Electric Vehicle (BEV),Eligibility unknown as battery range has not been researched,0,18,292822477,"{'type': 'Point', 'coordinates': [-122.40177, 45.58705]}",BONNEVILLE POWER ADMINISTRATION||PUD NO 1 OF CLARK COUNTY - (WA),53011040605
WAUJ8BFW7T,Kitsap,Bremerton,WA,98312,2026,AUDI,RS E-TRON GT,Battery Electric Vehicle (BEV),Eligibility unknown as battery range has not been researched,0,35,293149916,"{'type': 'Point', 'coordinates': [-122.65223, 47.57192]}",PUGET SOUND ENERGY INC,53035091302
7SAYGDEE0T,King,Renton,WA,98056,2026,TESLA,MODEL Y,Battery Electric Vehicle (BEV),Eligibility unknown as battery range has not been researched,0,41,285689596,"{'type': 'Point', 'coordinates': [-122.18839, 47.51197]}",PUGET SOUND ENERGY INC||CITY OF TACOMA - (WA),53033024703
JTM7ERAV8T,Lewis,Chehalis,WA,98532,2026,TOYOTA,RAV4 PRIME (PHEV),Plug-in Hybrid Electric Vehicle (PHEV),Clean Alternative Fuel Vehicle Eligible,52,20,291809626,"{'type': 'Point', 'coordinates': [-122.96462, 46.6621]}",PUGET SOUND ENERGY INC||CITY OF TACOMA - (WA),53041970800
JTMBEAGC1T,Franklin,Pasco,WA,99301,2026,SUBARU,SOLTERRA,Battery Electric Vehicle (BEV),Eligibility unknown as battery range has not been researched,0,9,292509486,"{'type': 'Point', 'coordinates': [-119.09467, 46.23542]}",BONNEVILLE POWER ADMINISTRATION||PUD NO 1 OF FRANKLIN COUNTY,53021020606
5UX43EU08T,Whatcom,Bellingham,WA,98229,2026,BMW,X5,Plug-in Hybrid Electric Vehicle (PHEV),Clean Alternative Fuel Vehicle Eligible,38,40,290839825,"{'type': 'Point', 'coordinates': [-122.45486, 48.7449]}",PUGET SOUND ENERGY INC||PUD NO 1 OF WHATCOM COUNTY,53073000805
7SAYGDEE4T,Benton,Richland,WA,99352,2026,TESLA,MODEL Y,Battery Electric Vehicle (BEV),Eligibility unknown as battery range has not been researched,0,8,293851946,"{'type': 'Point', 'coordinates': [-119.27372, 46.27391]}",BONNEVILLE POWER ADMINISTRATION||CITY OF RICHLAND - (WA),53005010817
WB543CF07T,Snohomish,Bothell,WA,98021,2026,BMW,IX,Battery Electric Vehicle (BEV),Eligibility unknown as battery range has not been researched,0,1,287810953,"{'type': 'Point', 'coordinates': [-122.18384, 47.8031]}",PUGET SOUND ENERGY INC,53061051913
7SAYGDED4T,King,Redmond,WA,98052,2026,TESLA,MODEL Y,Battery Electric Vehicle (BEV),Eligibility unknown as battery range has not been researched,0,48,285868929,"{'type': 'Point', 'coordinates': [-122.13158, 47.67858]}",PUGET SOUND ENERGY INC||CITY OF TACOMA - (WA),53033022803
7SAYGDED3T,King,Bellevue,WA,98005,2026,TESLA,MODEL Y,Battery Electric Vehicle (BEV),Eligibility unknown as battery range has not been researched,0,41,294897991,"{'type': 'Point', 'coordinates': [-122.1621, 47.64441]}",PUGET SOUND ENERGY INC||CITY OF TACOMA - (WA),53033023500
7SAYGDEEXT,King,Bothell,WA,98011,2026,TESLA,MODEL Y,Battery Electric Vehicle (BEV),Eligibility unknown as battery range has not been researched,0,1,292248911,"{'type': 'Point', 'coordinates': [-122.20563, 47.76144]}",PUGET SOUND ENERGY INC||CITY OF TACOMA - (WA),53033021803
7YAMTFS35T,Clark,Vancouver,WA,98665,2026,HYUNDAI,IONIQ 9,Battery Electric Vehicle (BEV),Eligibility unknown as battery range has not been researched,0,49,293461220,"{'type': 'Point', 'coordinates': [-122.64443, 45.67871]}",BONNEVILLE POWER ADMINISTRATION||PUD NO 1 OF CLARK COUNTY - (WA),53011041010
7SAYGDEE3T,King,Redmond,WA,98053,2026,TESLA,MODEL Y,Battery Electric Vehicle (BEV),Eligibility unknown as battery range has not been researched,0,45,286520678,"{'type': 'Point', 'coordinates': [-122.03287, 47.68555]}",PUGET SOUND ENERGY INC||CITY OF TACOMA - (WA),53033032328
1GYC3KMLXT,Macomb,Warren,MI,48092,2026,CADILLAC,VISTIQ,Battery Electric Vehicle (BEV),Eligibility unknown as battery range has not been researched,0,,285846375,"{'type': 'Point', 'coordinates': [-83.04914, 42.52509]}",NON WASHINGTON STATE ELECTRIC UTILITY,26099262100
7SAYGDEE8T,Pierce,Gig Harbor,WA,98335,2026,TESLA,MODEL Y,Battery Electric Vehicle (BEV),Eligibility unknown as battery range has not been researched,0,26,281912312,"{'type': 'Point', 'coordinates': [-122.58009, 47.328]}",BONNEVILLE POWER ADMINISTRATION||CITY OF TACOMA - (WA)||PENINSULA LIGHT COMPANY,53053072405
7SAYGDEDXT,Pend Oreille,Usk,WA,99180,2026,TESLA,MODEL Y,Battery Electric Vehicle (BEV),Eligibility unknown as battery range has not been researched,0,7,291335845,"{'type': 'Point', 'coordinates': [-117.28054, 48.31375]}",PUD NO 1 OF PEND OREILLE COUNTY,53051970200
JTMBCAEB4T,King,Seattle,WA,98112,2026,TOYOTA,BZ,Battery Electric Vehicle (BEV),Eligibility unknown as battery range has not been researched,0,43,288339075,"{'type': 'Point', 'coordinates': [-122.30207, 47.64085]}",CITY OF SEATTLE - (WA)|CITY OF TACOMA - (WA),53033007501
7SAYGDEE4T,Pierce,Buckley,WA,98321,2026,TESLA,MODEL Y,Battery Electric Vehicle (BEV),Eligibility unknown as battery range has not been researched,0,31,285635451,"{'type': 'Point', 'coordinates': [-122.02523, 47.16299]}",PUGET SOUND ENERGY INC||CITY OF TACOMA - (WA),53053070207
7SAYGDEE9T,Pierce,Puyallup,WA,98373,2026,TESLA,MODEL Y,Battery Electric Vehicle (BEV),Eligibility unknown as battery range has not been researched,0,25,282674549,"{'type': 'Point', 'coordinates': [-122.2988, 47.13795]}",BONNEVILLE POWER ADMINISTRATION||CITY OF TACOMA - (WA)||PENINSULA LIGHT COMPANY,53053071310
JTMBCAEB7T,Kitsap,Port Orchard,WA,98367,2026,TOYOTA,BZ,Battery Electric Vehicle (BEV),Eligibility unknown as battery range has not been researched,0,26,289813296,"{'type': 'Point', 'coordinates': [-122.68516, 47.50645]}",PUGET SOUND ENERGY INC,53035092101
JTMBCAEB3T,Benton,Richland,WA,99352,2026,TOYOTA,BZ,Battery Electric Vehicle (BEV),Eligibility unknown as battery range has not been researched,0,8,292264976,"{'type': 'Point', 'coordinates': [-119.27372, 46.27391]}",BONNEVILLE POWER ADMINISTRATION||CITY OF RICHLAND - (WA),53005010811
7YAMWFS52T,Lewis,Chehalis,WA,98532,2026,HYUNDAI,IONIQ 9,Battery Electric Vehicle (BEV),Eligibility unknown as battery range has not been researched,0,20,292494968,"{'type': 'Point', 'coordinates': [-122.96462, 46.6621]}",PUGET SOUND ENERGY INC||CITY OF TACOMA - (WA),53041971300
5YJ3E1EA7T,King,Seattle,WA,98119,2026,TESLA,MODEL 3,Battery Electric Vehicle (BEV),Eligibility unknown as battery range has not been researched,0,36,294378213,"{'type': 'Point', 'coordinates': [-122.36381, 47.63046]}",CITY OF SEATTLE - (WA)|CITY OF TACOMA - (WA),53033006900
5XYAFFS50T,Snohomish,Lake Stevens,WA,98258,2026,KIA,EV9,Battery Electric Vehicle (BEV),Eligibility unknown as battery range has not been researched,0,44,293843826,"{'type': 'Point', 'coordinates': [-122.06402, 48.01497]}",PUGET SOUND ENERGY INC,53061052604
7YAMUFS39T,King,Redmond,WA,98052,2026,HYUNDAI,IONIQ 9,Battery Electric Vehicle (BEV),Eligibility unknown as battery range has not been researched,0,48,281709011,"{'type': 'Point', 'coordinates': [-122.13158, 47.67858]}",PUGET SOUND ENERGY INC||CITY OF TACOMA - (WA),53033022802
7SAYGDED1T,Clark,Washougal,WA,98671,2026,TESLA,MODEL Y,Battery Electric Vehicle (BEV),Eligibility unknown as battery range has not been researched,0,18,282666338,"{'type': 'Point', 'coordinates': [-122.35341, 45.57923]}",BONNEVILLE POWER ADMINISTRATION||PUD NO 1 OF CLARK COUNTY - (WA),53011040605
7FCTGCAA8T,Chelan,Wenatchee,WA,98801,2026,RIVIAN,R1T,Battery Electric Vehicle (BEV),Eligibility unknown as battery range has not been researched,0,12,287385241,"{'type': 'Point', 'coordinates': [-120.30521, 47.41493]}",PUD NO 1 OF CHELAN COUNTY,53007960700
7SAYGDED7T,King,Redmond,WA,98053,2026,TESLA,MODEL Y,Battery Electric Vehicle (BEV),Eligibility unknown as battery range has not been researched,0,45,285257605,"{'type': 'Point', 'coordinates': [-122.03287, 47.68555]}",PUGET SOUND ENERGY INC||CITY OF TACOMA - (WA),53033032332
5XYAEFS50T,Whatcom,Bellingham,WA,98226,2026,KIA,EV9,Battery Electric Vehicle (BEV),Eligibility unknown as battery range has not been researched,0,40,286260817,"{'type': 'Point', 'coordinates': [-122.49756, 48.7999]}",PUGET SOUND ENERGY INC||PUD NO 1 OF WHATCOM COUNTY,53073000804
5YJSA1E58T,King,Renton,WA,98056,2026,TESLA,MODEL S,Battery Electric Vehicle (BEV),Eligibility unknown as battery range has not been researched,0,11,291715952,"{'type': 'Point', 'coordinates': [-122.18839, 47.51197]}",PUGET SOUND ENERGY INC||CITY OF TACOMA - (WA),53033025401
7SAYGDEE6T,King,Duvall,WA,98019,2026,TESLA,MODEL Y,Battery Electric Vehicle (BEV),Eligibility unknown as battery range has not been researched,0,45,281603269,"{'type': 'Point', 'coordinates': [-121.98609, 47.74068]}",PUGET SOUND ENERGY INC||CITY OF TACOMA - (WA),53033032402
7SAYGDEE3T,Thurston,Olympia,WA,98506,2026,TESLA,MODEL Y,Battery Electric Vehicle (BEV),Eligibility unknown as battery range has not been researched,0,22,292508044,"{'type': 'Point', 'coordinates': [-122.87741, 47.05997]}",PUGET SOUND ENERGY INC,53067012100
7SAYGDEE5T,King,Redmond,WA,98053,2026,TESLA,MODEL Y,Battery Electric Vehicle (BEV),Eligibility unknown as battery range has not been researched,0,48,292468851,"{'type': 'Point', 'coordinates': [-122.03287, 47.68555]}",PUGET SOUND ENERGY INC||CITY OF TACOMA - (WA),53033032313
5YJ3E1EA5T,Snohomish,Sultan,WA,98294,2026,TESLA,MODEL 3,Battery Electric Vehicle (BEV),Eligibility unknown as battery range has not been researched,0,39,292659216,"{'type': 'Point', 'coordinates': [-121.81688, 47.8623]}",PUGET SOUND ENERGY INC,53061053802
1GYKPNRL3T,Pierce,Fife,WA,98424,2026,CADILLAC,LYRIQ,Battery Electric Vehicle (BEV),Eligibility unknown as battery range has not been researched,0,25,285401686,"{'type': 'Point', 'coordinates': [-122.37302, 47.24714]}",BONNEVILLE POWER ADMINISTRATION||CITY OF TACOMA - (WA)||PENINSULA LIGHT COMPANY,53053940002
JTDACACU9T,Spokane,Colbert,WA,99005,2026,TOYOTA,PRIUS PRIME (PHEV),Plug-in Hybrid Electric Vehicle (PHEV),Clean Alternative Fuel Vehicle Eligible,44,7,291515584,"{'type': 'Point', 'coordinates': [-117.35414, 47.83743]}",BONNEVILLE POWER ADMINISTRATION||INLAND POWER & LIGHT COMPANY,53063010305
7SAYGDEE9T,King,Kirkland,WA,98034,2026,TESLA,MODEL Y,Battery Electric Vehicle (BEV),Eligibility unknown as battery range has not been researched,0,45,288066369,"{'type': 'Point', 'coordinates': [-122.22901, 47.72201]}",PUGET SOUND ENERGY INC||CITY OF TACOMA - (WA),53033022005
7SAXCBE56T,Clark,Vancouver,WA,98682,2026,TESLA,MODEL X,Battery Electric Vehicle (BEV),Eligibility unknown as battery range has not been researched,0,17,292898056,"{'type': 'Point', 'coordinates': [-122.55149, 45.69345]}",BONNEVILLE POWER ADMINISTRATION||PUD NO 1 OF CLARK COUNTY - (WA),53011040713
7SAYGDEE5T,Spokane,Liberty Lake,WA,99019,2026,TESLA,MODEL Y,Battery Electric Vehicle (BEV),Eligibility unknown as battery range has not been researched,0,4,292304764,"{'type': 'Point', 'coordinates': [-117.10244, 47.66842]}",BONNEVILLE POWER ADMINISTRATION||AVISTA CORP||INLAND POWER & LIGHT COMPANY,53063013204
7SAYGDEE0T,Pierce,Bonney Lake,WA,98391,2026,TESLA,MODEL Y,Battery Electric Vehicle (BEV),Eligibility unknown as battery range has not been researched,0,31,284303246,"{'type': 'Point', 'coordinates': [-122.17144, 47.19175]}",PUGET SOUND ENERGY INC||CITY OF TACOMA - (WA),53053070314
WBS83FK02T,Snohomish,Snohomish,WA,98296,2026,BMW,M5,Plug-in Hybrid Electric Vehicle (PHEV),Not eligible due to low battery range,25,1,289738620,"{'type': 'Point', 'coordinates': [-122.1389, 47.87115]}",PUGET SOUND ENERGY INC,53061052108
7SAYGDEE0T,Pierce,Eatonville,WA,98328,2026,TESLA,MODEL Y,Battery Electric Vehicle (BEV),Eligibility unknown as battery range has not been researched,0,2,287928168,"{'type': 'Point', 'coordinates': [-122.26832, 46.86733]}","BONNEVILLE POWER ADMINISTRATION||CITY OF TACOMA - (WA)||OHOP MUTUAL LIGHT COMPANY, INC|PENINSULA LIGHT COMPANY",53053073006
7SAYGDEE5T,Lewis,Toledo,WA,98591,2026,TESLA,MODEL Y,Battery Electric Vehicle (BEV),Eligibility unknown as battery range has not been researched,0,20,291461957,"{'type': 'Point', 'coordinates': [-122.84784, 46.44067]}",BONNEVILLE POWER ADMINISTRATION||CITY OF TACOMA - (WA)||PUD NO 1 OF LEWIS COUNTY,53041971700
7SAYGDED4T,Clark,Ridgefield,WA,98642,2026,TESLA,MODEL Y,Battery Electric Vehicle (BEV),Eligibility unknown as battery range has not been researched,0,18,287644493,"{'type': 'Point', 'coordinates': [-122.74595, 45.81539]}",BONNEVILLE POWER ADMINISTRATION||PUD NO 1 OF CLARK COUNTY - (WA),53011040303
JTM7ERAV0T,Grays Harbor,Ocean Shores,WA,98569,2026,TOYOTA,RAV4 PRIME (PHEV),Plug-in Hybrid Electric Vehicle (PHEV),Clean Alternative Fuel Vehicle Eligible,52,24,291725759,"{'type': 'Point', 'coordinates': [-124.16408, 47.01156]}",BONNEVILLE POWER ADMINISTRATION||PUD NO 1 OF GRAYS HARBOR COUNTY,53027000201
WA1LUBFZ9T,King,Renton,WA,98056,2026,AUDI,Q4,Battery Electric Vehicle (BEV),Eligibility unknown as battery range has not been researched,0,11,287314548,"{'type': 'Point', 'coordinates': [-122.18839, 47.51197]}",PUGET SOUND ENERGY INC||CITY OF TACOMA - (WA),53033025500
WB543CF08T,King,North Bend,WA,98045,2026,BMW,IX,Battery Electric Vehicle (BEV),Eligibility unknown as battery range has not been researched,0,5,284836219,"{'type': 'Point', 'coordinates': [-121.7831, 47.49348]}",PUGET SOUND ENERGY INC||CITY OF TACOMA - (WA),53033032704
7SAYGDEE4T,Pacific,Long Beach,WA,98631,2026,TESLA,MODEL Y,Battery Electric Vehicle (BEV),Eligibility unknown as battery range has not been researched,0,19,281424629,"{'type': 'Point', 'coordinates': [-124.05439, 46.35232]}",BONNEVILLE POWER ADMINISTRATION||PUD NO 2 OF PACIFIC COUNTY,53049950600
7SAYGDEE3T,King,Des Moines,WA,98198,2026,TESLA,MODEL Y,Battery Electric Vehicle (BEV),Eligibility unknown as battery range has not been researched,0,33,286054247,"{'type': 'Point', 'coordinates': [-122.30615, 47.38542]}",PUGET SOUND ENERGY INC||CITY OF TACOMA - (WA),53033029001
7SAYGDEE4T,Pierce,Bonney Lake,WA,98391,2026,TESLA,MODEL Y,Battery Electric Vehicle (BEV),Eligibility unknown as battery range has not been researched,0,31,293502828,"{'type': 'Point', 'coordinates': [-122.17144, 47.19175]}",PUGET SOUND ENERGY INC||CITY OF TACOMA - (WA),53053070209
7SAYGDEE5T,Snohomish,Everett,WA,98208,2026,TESLA,MODEL Y,Battery Electric Vehicle (BEV),Eligibility unknown as battery range has not been researched,0,21,281511408,"{'type': 'Point', 'coordinates': [-122.18637, 47.89251]}",PUGET SOUND ENERGY INC,53061041814
5XYAEFS56T,King,Seattle,WA,98178,2026,KIA,EV9,Battery Electric Vehicle (BEV),Eligibility unknown as battery range has not been researched,0,37,293716594,"{'type': 'Point', 'coordinates': [-122.25031, 47.49481]}",PUGET SOUND ENERGY INC||CITY OF TACOMA - (WA),53033026001
7SAYGDED9T,Pierce,Joint Base Lewis Mcchord,WA,98433,2026,TESLA,MODEL Y,Battery Electric Vehicle (BEV),Eligibility unknown as battery range has not been researched,0,28,287291735,"{'type': 'Point', 'coordinates': [-122.60761, 47.08798]}",PUGET SOUND ENERGY INC||CITY OF TACOMA - (WA),53053072907
JN1AZ2BA9T,Pierce,Gig Harbor,WA,98332,2026,NISSAN,LEAF,Battery Electric Vehicle (BEV),Eligibility unknown as battery range has not been researched,0,26,287387411,"{'type': 'Point', 'coordinates': [-122.58965, 47.34235]}",BONNEVILLE POWER ADMINISTRATION||CITY OF TACOMA - (WA)||PENINSULA LIGHT COMPANY,53053072504
7SAYGDEE3T,Island,Camano Island,WA,98282,2026,TESLA,MODEL Y,Battery Electric Vehicle (BEV),Eligibility unknown as battery range has not been researched,0,10,284797187,"{'type': 'Point', 'coordinates': [-122.40049, 48.23986]}",BONNEVILLE POWER ADMINISTRATION||PUD 1 OF SNOHOMISH COUNTY,53029971500
7YAKRDDC5T,King,Kenmore,WA,98028,2026,HYUNDAI,IONIQ 5,Battery Electric Vehicle (BEV),Eligibility unknown as battery range has not been researched,0,46,294328345,"{'type': 'Point', 'coordinates': [-122.24369, 47.75892]}",PUGET SOUND ENERGY INC||CITY OF TACOMA - (WA),53033022101
JTM7ERAV3T,Clark,Battle Ground,WA,98604,2026,TOYOTA,RAV4 PRIME (PHEV),Plug-in Hybrid Electric Vehicle (PHEV),Clean Alternative Fuel Vehicle Eligible,52,18,292700726,"{'type': 'Point', 'coordinates': [-122.5331, 45.78092]}",BONNEVILLE POWER ADMINISTRATION||PUD NO 1 OF CLARK COUNTY - (WA),53011040416
7PDSGGBA6T,Snohomish,Sultan,WA,98294,2026,RIVIAN,R1S,Battery Electric Vehicle (BEV),Eligibility unknown as battery range has not been researched,0,39,286140613,"{'type': 'Point', 'coordinates': [-121.81688, 47.8623]}",PUGET SOUND ENERGY INC,53061053803
5YJ3E1EA2T,Franklin,Pasco,WA,99301,2026,TESLA,MODEL 3,Battery Electric Vehicle (BEV),Eligibility unknown as battery range has not been researched,0,9,293613498,"{'type': 'Point', 'coordinates': [-119.09467, 46.23542]}",BONNEVILLE POWER ADMINISTRATION||PUD NO 1 OF FRANKLIN COUNTY,53021020608
7SAYGDEE4T,Island,Camano Island,WA,98282,2026,TESLA,MODEL Y,Battery Electric Vehicle (BEV),Eligibility unknown as battery range has not been researched,0,10,286943051,"{'type': 'Point', 'coordinates': [-122.40049, 48.23986]}",BONNEVILLE POWER ADMINISTRATION||PUD 1 OF SNOHOMISH COUNTY,53029971600
7SAYGDEE0T,King,Redmond,WA,98052,2026,TESLA,MODEL Y,Battery Electric Vehicle (BEV),Eligibility unknown as battery range has not been researched,0,48,289382089,"{'type': 'Point', 'coordinates': [-122.13158, 47.67858]}",PUGET SOUND ENERGY INC||CITY OF TACOMA - (WA),53033032324
7FCTGFAA0T,Thurston,Olympia,WA,98506,2026,RIVIAN,R1T,Battery Electric Vehicle (BEV),Eligibility unknown as battery range has not been researched,0,22,295737144,"{'type': 'Point', 'coordinates': [-122.87741, 47.05997]}",PUGET SOUND ENERGY INC,53067012223
3GN7DNRP3T,Whatcom,Bellingham,WA,98229,2026,CHEVROLET,EQUINOX,Battery Electric Vehicle (BEV),Eligibility unknown as battery range has not been researched,0,40,287551267,"{'type': 'Point', 'coordinates': [-122.45486, 48.7449]}",PUGET SOUND ENERGY INC||PUD NO 1 OF WHATCOM COUNTY,53073000808
7SAYGDEEXT,King,Redmond,WA,98052,2026,TESLA,MODEL Y,Battery Electric Vehicle (BEV),Eligibility unknown as battery range has not been researched,0,48,290872011,"{'type': 'Point', 'coordinates': [-122.13158, 47.67858]}",PUGET SOUND ENERGY INC||CITY OF TACOMA - (WA),53033032325
7SAYGDED6T,King,Bellevue,WA,98005,2026,TESLA,MODEL Y,Battery Electric Vehicle (BEV),Eligibility unknown as battery range has not been researched,0,41,290618583,"{'type': 'Point', 'coordinates': [-122.1621, 47.64441]}",PUGET SOUND ENERGY INC||CITY OF TACOMA - (WA),53033023500
5YJ3E1EAXT,Pierce,Graham,WA,98338,2026,TESLA,MODEL 3,Battery Electric Vehicle (BEV),Eligibility unknown as battery range has not been researched,0,2,292244627,"{'type': 'Point', 'coordinates': [-122.29477, 47.05703]}",BONNEVILLE POWER ADMINISTRATION||CITY OF TACOMA - (WA)||PENINSULA LIGHT COMPANY,53053073124
7SAYGDEEXT,Whatcom,Blaine,WA,98230,2026,TESLA,MODEL Y,Battery Electric Vehicle (BEV),Eligibility unknown as battery range has not been researched,0,42,284177708,"{'type': 'Point', 'coordinates': [-122.74823, 48.99405]}",PUGET SOUND ENERGY INC||PUD NO 1 OF WHATCOM COUNTY,53073010405
7SAYGDEE6T,King,Seattle,WA,98119,2026,TESLA,MODEL Y,Battery Electric Vehicle (BEV),Eligibility unknown as battery range has not been researched,0,36,292787393,"{'type': 'Point', 'coordinates': [-122.36381, 47.63046]}",CITY OF SEATTLE - (WA)|CITY OF TACOMA - (WA),53033006900
YV4H60JM3T,King,Renton,WA,98059,2026,VOLVO,XC90,Plug-in Hybrid Electric Vehicle (PHEV),Clean Alternative Fuel Vehicle Eligible,32,11,291087863,"{'type': 'Point', 'coordinates': [-122.11589, 47.50243]}",PUGET SOUND ENERGY INC||CITY OF TACOMA - (WA),53033025101
7SAYGDED6T,Thurston,Olympia,WA,98501,2026,TESLA,MODEL Y,Battery Electric Vehicle (BEV),Eligibility unknown as battery range has not been researched,0,22,286171763,"{'type': 'Point', 'coordinates': [-122.89165, 47.03954]}",PUGET SOUND ENERGY INC,53067010100
7SAYGDEE0T,Snohomish,Edmonds,WA,98026,2026,TESLA,MODEL Y,Battery Electric Vehicle (BEV),Eligibility unknown as battery range has not been researched,0,32,282224561,"{'type': 'Point', 'coordinates': [-122.31768, 47.87166]}",PUGET SOUND ENERGY INC,53061050800
7SAYGDED2T,Pierce,Puyallup,WA,98373,2026,TESLA,MODEL Y,Battery Electric Vehicle (BEV),Eligibility unknown as battery range has not been researched,0,25,286723279,"{'type': 'Point', 'coordinates': [-122.2988, 47.13795]}",BONNEVILLE POWER ADMINISTRATION||CITY OF TACOMA - (WA)||PENINSULA LIGHT COMPANY,53053071304
JTMAAAAE2T,Douglas,East Wenatchee,WA,98802,2026,SUBARU,UNCHARTED,Battery Electric Vehicle (BEV),Eligibility unknown as battery range has not been researched,0,12,290712096,"{'type': 'Point', 'coordinates': [-120.29473, 47.41515]}",PUD NO 1 OF DOUGLAS COUNTY,53017950400
5YJ3E1EA4T,King,Newcastle,WA,98056,2026,TESLA,MODEL 3,Battery Electric Vehicle (BEV),Eligibility unknown as battery range has not been researched,0,41,293317013,"{'type': 'Point', 'coordinates': [-122.18839, 47.51197]}",PUGET SOUND ENERGY INC||CITY OF TACOMA - (WA),53033024703
5YJ3E1EA2T,Pierce,Puyallup,WA,98373,2026,TESLA,MODEL 3,Battery Electric Vehicle (BEV),Eligibility unknown as battery range has not been researched,0,25,292119656,"{'type': 'Point', 'coordinates': [-122.2988, 47.13795]}",PUGET SOUND ENERGY INC||CITY OF TACOMA - (WA),53053071304
3GN7DMRP0T,Mason,Shelton,WA,98584,2026,CHEVROLET,EQUINOX,Battery Electric Vehicle (BEV),Eligibility unknown as battery range has not been researched,0,35,290251510,"{'type': 'Point', 'coordinates': [-123.10616, 47.21253]}",BONNEVILLE POWER ADMINISTRATION||CITY OF TACOMA - (WA)||PUD NO 3 OF MASON COUNTY,53045961000
7YAMWFS58T,Snohomish,Bothell,WA,98012,2026,HYUNDAI,IONIQ 9,Battery Electric Vehicle (BEV),Eligibility unknown as battery range has not been researched,0,1,290204064,"{'type': 'Point', 'coordinates': [-122.20105, 47.84423]}",PUGET SOUND ENERGY INC,53061051921
7SAYGDEE2T,King,Bellevue,WA,98005,2026,TESLA,MODEL Y,Battery Electric Vehicle (BEV),Eligibility unknown as battery range has not been researched,0,48,281417174,"{'type': 'Point', 'coordinates': [-122.1621, 47.64441]}",PUGET SOUND ENERGY INC||CITY OF TACOMA - (WA),53033023601
7SAYGDED0T,King,Kirkland,WA,98034,2026,TESLA,MODEL Y,Battery Electric Vehicle (BEV),Eligibility unknown as battery range has not been researched,0,45,285167501,"{'type': 'Point', 'coordinates': [-122.22901, 47.72201]}",PUGET SOUND ENERGY INC||CITY OF TACOMA - (WA),53033021904
7PDSGGBA2T,Snohomish,Mukilteo,WA,98275,2026,RIVIAN,R1S,Battery Electric Vehicle (BEV),Eligibility unknown as battery range has not been researched,0,21,289127380,"{'type': 'Point', 'coordinates': [-122.29196, 47.89908]}",PUGET SOUND ENERGY INC,53061042001
1GYKPTRL1T,Whatcom,Bellingham,WA,98225,2026,CADILLAC,LYRIQ,Battery Electric Vehicle (BEV),Eligibility unknown as battery range has not been researched,0,40,290940667,"{'type': 'Point', 'coordinates': [-122.47091, 48.75256]}",PUGET SOUND ENERGY INC||PUD NO 1 OF WHATCOM COUNTY,53073001101
5XYAFFS58T,Clark,Ridgefield,WA,98642,2026,KIA,EV9,Battery Electric Vehicle (BEV),Eligibility unknown as battery range has not been researched,0,18,293508064,"{'type': 'Point', 'coordinates': [-122.74595, 45.81539]}",BONNEVILLE POWER ADMINISTRATION||PUD NO 1 OF CLARK COUNTY - (WA),53011040910
7SAYGDEE7T,Pierce,Puyallup,WA,98374,2026,TESLA,MODEL Y,Battery Electric Vehicle (BEV),Eligibility unknown as battery range has not been researched,0,2,282757457,"{'type': 'Point', 'coordinates': [-122.27504, 47.13926]}",PUGET SOUND ENERGY INC||CITY OF TACOMA - (WA),53053073129
7SAYGAEE8T,Douglas,East Wenatchee,WA,98802,2026,TESLA,MODEL Y,Battery Electric Vehicle (BEV),Eligibility unknown as battery range has not been researched,0,12,290336966,"{'type': 'Point', 'coordinates': [-120.29473, 47.41515]}",PUD NO 1 OF DOUGLAS COUNTY,53017950300
JTMBGAHC6T,King,Renton,WA,98058,2026,SUBARU,TRAILSEEKER,Battery Electric Vehicle (BEV),Eligibility unknown as battery range has not been researched,0,11,292672019,"{'type': 'Point', 'coordinates': [-122.08747, 47.4466]}",PUGET SOUND ENERGY INC||CITY OF TACOMA - (WA),53033029304
7SAYGDEE8T,Pierce,Graham,WA,98338,2026,TESLA,MODEL Y,Battery Electric Vehicle (BEV),Eligibility unknown as battery range has not been researched,0,2,290270298,"{'type': 'Point', 'coordinates': [-122.29477, 47.05703]}",BONNEVILLE POWER ADMINISTRATION||CITY OF TACOMA - (WA)||PENINSULA LIGHT COMPANY,53053073124
7SAYGDEE9T,Spokane,Spokane,WA,99212,2026,TESLA,MODEL Y,Battery Electric Vehicle (BEV),Eligibility unknown as battery range has not been researched,0,4,287403189,"{'type': 'Point', 'coordinates': [-117.31205, 47.66648]}",BONNEVILLE POWER ADMINISTRATION||VERA IRRIGATION DISTRICT #15,53063012401
7SAYGDEE7T,King,Bellevue,WA,98004,2026,TESLA,MODEL Y,Battery Electric Vehicle (BEV),Eligibility unknown as battery range has not been researched,0,41,289850179,"{'type': 'Point', 'coordinates': [-122.1872, 47.61001]}",PUGET SOUND ENERGY INC||CITY OF TACOMA - (WA),53033023801
5XYAFFS50T,Pierce,Lake Tapps,WA,98391,2026,KIA,EV9,Battery Electric Vehicle (BEV),Eligibility unknown as battery range has not been researched,0,31,288226606,"{'type': 'Point', 'coordinates': [-122.17144, 47.19175]}",PUGET SOUND ENERGY INC||CITY OF TACOMA - (WA),53053070307
7SAYGDEE8T,Pierce,Gig Harbor,WA,98332,2026,TESLA,MODEL Y,Battery Electric Vehicle (BEV),Eligibility unknown as battery range has not been researched,0,26,290214088,"{'type': 'Point', 'coordinates': [-122.58965, 47.34235]}",BONNEVILLE POWER ADMINISTRATION||CITY OF TACOMA - (WA)||PENINSULA LIGHT COMPANY,53053072509
5YJ3E1EA0T,King,Seattle,WA,98117,2026,TESLA,MODEL 3,Battery Electric Vehicle (BEV),Eligibility unknown as battery range has not been researched,0,36,294589900,"{'type': 'Point', 'coordinates': [-122.38418, 47.70044]}",CITY OF SEATTLE - (WA)|CITY OF TACOMA - (WA),53033001600
7SAYGDEE0T,King,Bellevue,WA,98005,2026,TESLA,MODEL Y,Battery Electric Vehicle (BEV),Eligibility unknown as battery range has not been researched,0,41,282743870,"{'type': 'Point', 'coordinates': [-122.1621, 47.64441]}",PUGET SOUND ENERGY INC||CITY OF TACOMA - (WA),53033023604
7SAYGDEE9T,King,Renton,WA,98056,2026,TESLA,MODEL Y,Battery Electric Vehicle (BEV),Eligibility unknown as battery range has not been researched,0,11,281224184,"{'type': 'Point', 'coordinates': [-122.18839, 47.51197]}",PUGET SOUND ENERGY INC||CITY OF TACOMA - (WA),53033025401
7SAYGDED6T,Snohomish,Lynnwood,WA,98036,2026,TESLA,MODEL Y,Battery Electric Vehicle (BEV),Eligibility unknown as battery range has not been researched,0,32,288210968,"{'type': 'Point', 'coordinates': [-122.29245, 47.82557]}",PUGET SOUND ENERGY INC,53061051802
7SAYGDEE0T,Pierce,Puyallup,WA,98374,2026,TESLA,MODEL Y,Battery Electric Vehicle (BEV),Eligibility unknown as battery range has not been researched,0,25,281755512,"{'type': 'Point', 'coordinates': [-122.27504, 47.13926]}",PUGET SOUND ENERGY INC||CITY OF TACOMA - (WA),53053073123
SAL119F4XT,King,Hunts Point,WA,98004,2026,LAND ROVER,RANGE ROVER SPORT,Plug-in Hybrid Electric Vehicle (PHEV),Clean Alternative Fuel Vehicle Eligible,50,48,291479891,"{'type': 'Point', 'coordinates': [-122.1872, 47.61001]}",PUGET SOUND ENERGY INC||CITY OF TACOMA - (WA),53033024100
7SAYGDED7T,Skagit,Sedro-Woolley,WA,98284,2026,TESLA,MODEL Y,Battery Electric Vehicle (BEV),Eligibility unknown as battery range has not been researched,0,39,282398273,"{'type': 'Point', 'coordinates': [-122.23857, 48.50879]}",PUGET SOUND ENERGY INC,53057951000
7SAYGDEEXT,King,Auburn,WA,98001,2026,TESLA,MODEL Y,Battery Electric Vehicle (BEV),Eligibility unknown as battery range has not been researched,0,30,290154119,"{'type': 'Point', 'coordinates': [-122.28802, 47.30264]}",PUGET SOUND ENERGY INC||CITY OF TACOMA - (WA),53033029805
KM8JFDD24T,Spokane,Spokane,WA,99212,2026,HYUNDAI,TUCSON,Plug-in Hybrid Electric Vehicle (PHEV),Clean Alternative Fuel Vehicle Eligible,32,4,290422324,"{'type': 'Point', 'coordinates': [-117.31205, 47.66648]}",BONNEVILLE POWER ADMINISTRATION||VERA IRRIGATION DISTRICT #15,53063011302
7SAYGDED7T,King,Tukwila,WA,98188,2026,TESLA,MODEL Y,Battery Electric Vehicle (BEV),Eligibility unknown as battery range has not been researched,0,11,286730853,"{'type': 'Point', 'coordinates': [-122.27979, 47.44952]}",PUGET SOUND ENERGY INC||CITY OF TACOMA - (WA),53033026200
5YJ3E1EA5T,Cowlitz,Longview,WA,98632,2026,TESLA,MODEL 3,Battery Electric Vehicle (BEV),Eligibility unknown as battery range has not been researched,0,19,289581806,"{'type': 'Point', 'coordinates': [-122.95058, 46.14681]}",BONNEVILLE POWER ADMINISTRATION||PUD NO 1 OF COWLITZ COUNTY,53015000703
WB543CF04T,Snohomish,Lynnwood,WA,98037,2026,BMW,IX,Battery Electric Vehicle (BEV),Eligibility unknown as battery range has not been researched,0,32,289187524,"{'type': 'Point', 'coordinates': [-122.27734, 47.83785]}",PUGET SOUND ENERGY INC,53061051602
JTDACACU2T,Spokane,Chattaroy,WA,99003,2026,TOYOTA,PRIUS PRIME (PHEV),Plug-in Hybrid Electric Vehicle (PHEV),Clean Alternative Fuel Vehicle Eligible,44,7,292222325,"{'type': 'Point', 'coordinates': [-117.35237, 47.89594]}",BONNEVILLE POWER ADMINISTRATION||INLAND POWER & LIGHT COMPANY,53063010305
7SAYGDED2T,Pierce,Fircrest,WA,98466,2026,TESLA,MODEL Y,Battery Electric Vehicle (BEV),Eligibility unknown as battery range has not been researched,0,28,293825864,"{'type': 'Point', 'coordinates': [-122.53781, 47.23075]}",BONNEVILLE POWER ADMINISTRATION||CITY OF TACOMA - (WA)||PENINSULA LIGHT COMPANY,53053072310
7SAYGDEE1T,Clark,Ridgefield,WA,98642,2026,TESLA,MODEL Y,Battery Electric Vehicle (BEV),Eligibility unknown as battery range has not been researched,0,18,287369435,"{'type': 'Point', 'coordinates': [-122.74595, 45.81539]}",BONNEVILLE POWER ADMINISTRATION||PUD NO 1 OF CLARK COUNTY - (WA),53011040905
JTMBDAFB4T,Pierce,Bonney Lake,WA,98391,2026,TOYOTA,BZ,Battery Electric Vehicle (BEV),Eligibility unknown as battery range has not been researched,0,31,292821875,"{'type': 'Point', 'coordinates': [-122.17144, 47.19175]}",PUGET SOUND ENERGY INC||CITY OF TACOMA - (WA),53053070313
YSRPB3A41T,King,Bellevue,WA,98004,2026,POLESTAR,POLESTAR 4,Battery Electric Vehicle (BEV),Eligibility unknown as battery range has not been researched,0,41,291118264,"{'type': 'Point', 'coordinates': [-122.1872, 47.61001]}",PUGET SOUND ENERGY INC||CITY OF TACOMA - (WA),53033023807
5YJ3E1EA6T,Snohomish,Mountlake Terrace,WA,98043,2026,TESLA,MODEL 3,Battery Electric Vehicle (BEV),Eligibility unknown as battery range has not been researched,0,32,287362435,"{'type': 'Point', 'coordinates': [-122.31111, 47.78803]}",PUGET SOUND ENERGY INC,53061051000
JTMBDAFB3T,Snohomish,Snohomish,WA,98296,2026,TOYOTA,BZ,Battery Electric Vehicle (BEV),Eligibility unknown as battery range has not been researched,0,1,287046532,"{'type': 'Point', 'coordinates': [-122.1389, 47.87115]}",PUGET SOUND ENERGY INC,53061052112
7SAYGDED6T,Pierce,Bonney Lake,WA,98391,2026,TESLA,MODEL Y,Battery Electric Vehicle (BEV),Eligibility unknown as battery range has not been researched,0,31,285182327,"{'type': 'Point', 'coordinates': [-122.17144, 47.19175]}",PUGET SOUND ENERGY INC||CITY OF TACOMA - (WA),53053070209
7SAYGDEE6T,Spokane,Spokane,WA,99224,2026,TESLA,MODEL Y,Battery Electric Vehicle (BEV),Eligibility unknown as battery range has not been researched,0,6,282773312,"{'type': 'Point', 'coordinates': [-117.46996, 47.59431]}",BONNEVILLE POWER ADMINISTRATION||AVISTA CORP||INLAND POWER & LIGHT COMPANY,53063013503
KNDCR3L14T,Pierce,Tacoma,WA,98445,2026,KIA,NIRO,Battery Electric Vehicle (BEV),Eligibility unknown as battery range has not been researched,0,29,294034044,"{'type': 'Point', 'coordinates': [-122.40872, 47.16568]}",BONNEVILLE POWER ADMINISTRATION||CITY OF TACOMA - (WA)||ELMHURST MUTUAL POWER & LIGHT CO|PENINSULA LIGHT COMPANY,53053071306
7SAYGDEEXT,King,Federal Way,WA,98003,2026,TESLA,MODEL Y,Battery Electric Vehicle (BEV),Eligibility unknown as battery range has not been researched,0,30,288501622,"{'type': 'Point', 'coordinates': [-122.3303, 47.30151]}",PUGET SOUND ENERGY INC||CITY OF TACOMA - (WA),53033030304
7SAYGDEE8T,King,Issaquah,WA,98029,2026,TESLA,MODEL Y,Battery Electric Vehicle (BEV),Eligibility unknown as battery range has not been researched,0,41,291545558,"{'type': 'Point', 'coordinates': [-122.01656, 47.57118]}",PUGET SOUND ENERGY INC||CITY OF TACOMA - (WA),53033032219
5YJ3E1EB9T,Pierce,Tacoma,WA,98446,2026,TESLA,MODEL 3,Battery Electric Vehicle (BEV),Eligibility unknown as battery range has not been researched,0,29,292885323,"{'type': 'Point', 'coordinates': [-122.37748, 47.09665]}",BONNEVILLE POWER ADMINISTRATION||CITY OF TACOMA - (WA)||PENINSULA LIGHT COMPANY,53053071412
YV4H60PFXT,King,Bothell,WA,98011,2026,VOLVO,XC90,Plug-in Hybrid Electric Vehicle (PHEV),Clean Alternative Fuel Vehicle Eligible,32,1,290736967,"{'type': 'Point', 'coordinates': [-122.20563, 47.76144]}",PUGET SOUND ENERGY INC||CITY OF TACOMA - (WA),53033021803
7YAKNDDC3T,King,Kirkland,WA,98033,2026,HYUNDAI,IONIQ 5,Battery Electric Vehicle (BEV),Eligibility unknown as battery range has not been researched,0,45,293060155,"{'type': 'Point', 'coordinates': [-122.2066, 47.67887]}",PUGET SOUND ENERGY INC||CITY OF TACOMA - (WA),53033022006
7YAKPDDC0T,Whatcom,Maple Falls,WA,98266,2026,HYUNDAI,IONIQ 5,Battery Electric Vehicle (BEV),Eligibility unknown as battery range has not been researched,0,42,291440873,"{'type': 'Point', 'coordinates': [-122.07728, 48.92369]}",PUGET SOUND ENERGY INC||PUD NO 1 OF WHATCOM COUNTY,53073010102
7SAYGDEE4T,Pierce,Tacoma,WA,98444,2026,TESLA,MODEL Y,Battery Electric Vehicle (BEV),Eligibility unknown as battery range has not been researched,0,29,292895683,"{'type': 'Point', 'coordinates': [-122.43828, 47.15258]}",BONNEVILLE POWER ADMINISTRATION||CITY OF TACOMA - (WA)||PARKLAND LIGHT & WATER COMPANY|PENINSULA LIGHT COMPANY,53053071707
3FMTK1S56T,King,Black Diamond,WA,98010,2026,FORD,MUSTANG MACH-E,Battery Electric Vehicle (BEV),Eligibility unknown as battery range has not been researched,0,5,292486078,"{'type': 'Point', 'coordinates': [-122.00143, 47.30893]}",PUGET SOUND ENERGY INC||CITY OF TACOMA - (WA),53033031603
1GC10ZED5T,Kittitas,Ellensburg,WA,98926,2026,CHEVROLET,SILVERADO,Battery Electric Vehicle (BEV),Eligibility unknown as battery range has not been researched,0,13,294784157,"{'type': 'Point', 'coordinates': [-120.54872, 46.99703]}",BONNEVILLE POWER ADMINISTRATION||CITY OF ELLENSBURG - (WA),53037975300
7SAYGDEE4T,Snohomish,Bothell,WA,98012,2026,TESLA,MODEL Y,Battery Electric Vehicle (BEV),Eligibility unknown as battery range has not been researched,0,1,293051678,"{'type': 'Point', 'coordinates': [-122.20105, 47.84423]}",PUGET SOUND ENERGY INC,53061051934
7SAYGDEEXT,Pierce,Bonney Lake,WA,98391,2026,TESLA,MODEL Y,Battery Electric Vehicle (BEV),Eligibility unknown as battery range has not been researched,0,31,289828913,"{'type': 'Point', 'coordinates': [-122.17144, 47.19175]}",PUGET SOUND ENERGY INC||CITY OF TACOMA - (WA),53053070208
7SAYGDEE1T,King,Federal Way,WA,98003,2026,TESLA,MODEL Y,Battery Electric Vehicle (BEV),Eligibility unknown as battery range has not been researched,0,30,279888913,"{'type': 'Point', 'coordinates': [-122.3303, 47.30151]}",PUGET SOUND ENERGY INC||CITY OF TACOMA - (WA),53033030404
7SAYGDEE9T,King,Redmond,WA,98053,2026,TESLA,MODEL Y,Battery Electric Vehicle (BEV),Eligibility unknown as battery range has not been researched,0,48,292309783,"{'type': 'Point', 'coordinates': [-122.03287, 47.68555]}",PUGET SOUND ENERGY INC||CITY OF TACOMA - (WA),53033032313
7SAYGDEE2T,King,Kent,WA,98031,2026,TESLA,MODEL Y,Battery Electric Vehicle (BEV),Eligibility unknown as battery range has not been researched,0,33,289537958,"{'type': 'Point', 'coordinates': [-122.17743, 47.41185]}",PUGET SOUND ENERGY INC||CITY OF TACOMA - (WA),53033029207
7SAYGDEE7T,Pierce,Gig Harbor,WA,98329,2026,TESLA,MODEL Y,Battery Electric Vehicle (BEV),Eligibility unknown as battery range has not been researched,0,26,283269157,"{'type': 'Point', 'coordinates': [-122.6658, 47.38336]}",BONNEVILLE POWER ADMINISTRATION||CITY OF TACOMA - (WA)||PENINSULA LIGHT COMPANY,53053072601
7SAYGDEE9T,Island,Camano Island,WA,98282,2026,TESLA,MODEL Y,Battery Electric Vehicle (BEV),Eligibility unknown as battery range has not been researched,0,10,285279438,"{'type': 'Point', 'coordinates': [-122.40049, 48.23986]}",BONNEVILLE POWER ADMINISTRATION||PUD 1 OF SNOHOMISH COUNTY,53029971700
7SAYGDEE0T,Snohomish,Snohomish,WA,98296,2026,TESLA,MODEL Y,Battery Electric Vehicle (BEV),Eligibility unknown as battery range has not been researched,0,44,287195457,"{'type': 'Point', 'coordinates': [-122.1389, 47.87115]}",PUGET SOUND ENERGY INC,53061052122
JM3KKBHAXT,Thurston,Olympia,WA,98513,2026,MAZDA,CX-90,Plug-in Hybrid Electric Vehicle (PHEV),Not eligible due to low battery range,27,2,292480674,"{'type': 'Point', 'coordinates': [-122.80933, 46.99531]}",PUGET SOUND ENERGY INC,53067012332
7SAYGDEEXT,Spokane,Spokane,WA,99203,2026,TESLA,MODEL Y,Battery Electric Vehicle (BEV),Eligibility unknown as battery range has not been researched,0,6,288638871,"{'type': 'Point', 'coordinates': [-117.39322, 47.63374]}",MODERN ELECTRIC WATER COMPANY,53063004400
5YJ3E1EA6T,King,Seattle,WA,98107,2026,TESLA,MODEL 3,Battery Electric Vehicle (BEV),Eligibility unknown as battery range has not been researched,0,36,291609874,"{'type': 'Point', 'coordinates': [-122.38591, 47.67597]}",CITY OF SEATTLE - (WA)|CITY OF TACOMA - (WA),53033003301
7SAYGDEE2T,Benton,Richland,WA,99352,2026,TESLA,MODEL Y,Battery Electric Vehicle (BEV),Eligibility unknown as battery range has not been researched,0,8,293776570,"{'type': 'Point', 'coordinates': [-119.27372, 46.27391]}",BONNEVILLE POWER ADMINISTRATION||CITY OF RICHLAND - (WA),53005010819
7PDSGFBA0T,Clark,Vancouver,WA,98665,2026,RIVIAN,R1S,Battery Electric Vehicle (BEV),Eligibility unknown as battery range has not been researched,0,49,292343082,"{'type': 'Point', 'coordinates': [-122.64443, 45.67871]}",BONNEVILLE POWER ADMINISTRATION||PUD NO 1 OF CLARK COUNTY - (WA),53011040803
7SAYGDED8T,Snohomish,Mukilteo,WA,98275,2026,TESLA,MODEL Y,Battery Electric Vehicle (BEV),Eligibility unknown as battery range has not been researched,0,21,282223553,"{'type': 'Point', 'coordinates': [-122.29196, 47.89908]}",PUGET SOUND ENERGY INC,53061042001
7SAYGDEE2T,Clark,Vancouver,WA,98660,2026,TESLA,MODEL Y,Battery Electric Vehicle (BEV),Eligibility unknown as battery range has not been researched,0,49,285578016,"{'type': 'Point', 'coordinates': [-122.67156, 45.63248]}",BONNEVILLE POWER ADMINISTRATION||PUD NO 1 OF CLARK COUNTY - (WA),53011042400
5YJ3E1EB5T,Snohomish,Edmonds,WA,98026,2026,TESLA,MODEL 3,Battery Electric Vehicle (BEV),Eligibility unknown as battery range has not been researched,0,21,292770838,"{'type': 'Point', 'coordinates': [-122.31768, 47.87166]}",PUGET SOUND ENERGY INC,53061050403
7PDSGBBPXT,Snohomish,Bothell,WA,98021,2026,RIVIAN,R1S,Battery Electric Vehicle (BEV),Eligibility unknown as battery range has not been researched,0,1,293638670,"{'type': 'Point', 'coordinates': [-122.18384, 47.8031]}",PUGET SOUND ENERGY INC,53061051917
7SAYGDEE5T,King,Seattle,WA,98117,2026,TESLA,MODEL Y,Battery Electric Vehicle (BEV),Eligibility unknown as battery range has not been researched,0,36,284503803,"{'type': 'Point', 'coordinates': [-122.38418, 47.70044]}",CITY OF SEATTLE - (WA)|CITY OF TACOMA - (WA),53033001600
7SAYGDEE5T,Whatcom,Lynden,WA,98264,2026,TESLA,MODEL Y,Battery Electric Vehicle (BEV),Eligibility unknown as battery range has not been researched,0,42,279177020,"{'type': 'Point', 'coordinates': [-122.45051, 48.94298]}",PUGET SOUND ENERGY INC||PUD NO 1 OF WHATCOM COUNTY,53073010301
7PDSGBBP5T,Island,Camano Island,WA,98282,2026,RIVIAN,R1S,Battery Electric Vehicle (BEV),Eligibility unknown as battery range has not been researched,0,10,293076584,"{'type': 'Point', 'coordinates': [-122.40049, 48.23986]}",BONNEVILLE POWER ADMINISTRATION||PUD 1 OF SNOHOMISH COUNTY,53029971500
JTM7ERAV4T,King,Seattle,WA,98118,2026,TOYOTA,RAV4 PRIME (PHEV),Plug-in Hybrid Electric Vehicle (PHEV),Clean Alternative Fuel Vehicle Eligible,52,37,290865515,"{'type': 'Point', 'coordinates': [-122.28083, 47.54693]}",CITY OF SEATTLE - (WA)|CITY OF TACOMA - (WA),53033011101
WB543CF02T,King,Woodinville,WA,98072,2026,BMW,IX,Battery Electric Vehicle (BEV),Eligibility unknown as battery range has not been researched,0,45,287804079,"{'type': 'Point', 'coordinates': [-122.15545, 47.75448]}",PUGET SOUND ENERGY INC||CITY OF TACOMA - (WA),53033032320
JTMBCAEB6T,King,Seattle,WA,98106,2026,TOYOTA,BZ,Battery Electric Vehicle (BEV),Eligibility unknown as battery range has not been researched,0,34,288991265,"{'type': 'Point', 'coordinates': [-122.35163, 47.54287]}",CITY OF SEATTLE - (WA)|CITY OF TACOMA - (WA),53033026500
7SAYGDEE6T,King,Kirkland,WA,98033,2026,TESLA,MODEL Y,Battery Electric Vehicle (BEV),Eligibility unknown as battery range has not been researched,0,45,285099629,"{'type': 'Point', 'coordinates': [-122.2066, 47.67887]}",PUGET SOUND ENERGY INC||CITY OF TACOMA - (WA),53033022605
7SAYGDEE0T,King,Seattle,WA,98109,2026,TESLA,MODEL Y,Battery Electric Vehicle (BEV),Eligibility unknown as battery range has not been researched,0,36,286425653,"{'type': 'Point', 'coordinates': [-122.34845, 47.63283]}",CITY OF SEATTLE - (WA)|CITY OF TACOMA - (WA),53033007101
7SAYGDEE5T,Clark,Battle Ground,WA,98604,2026,TESLA,MODEL Y,Battery Electric Vehicle (BEV),Eligibility unknown as battery range has not been researched,0,18,292634758,"{'type': 'Point', 'coordinates': [-122.5331, 45.78092]}",BONNEVILLE POWER ADMINISTRATION||PUD NO 1 OF CLARK COUNTY - (WA),53011040203
KNDPZDDH4T,King,Seattle,WA,98106,2026,KIA,SPORTAGE,Plug-in Hybrid Electric Vehicle (PHEV),Clean Alternative Fuel Vehicle Eligible,33,34,292375506,"{'type': 'Point', 'coordinates': [-122.35163, 47.54287]}",CITY OF SEATTLE - (WA)|CITY OF TACOMA - (WA),53033026500
7SAYGDED6T,Pierce,Tacoma,WA,98409,2026,TESLA,MODEL Y,Battery Electric Vehicle (BEV),Eligibility unknown as battery range has not been researched,0,29,292691283,"{'type': 'Point', 'coordinates': [-122.47145, 47.20873]}",BONNEVILLE POWER ADMINISTRATION||CITY OF TACOMA - (WA)||PENINSULA LIGHT COMPANY,53053062802
7SAYGDEE3T,Benton,Prosser,WA,99350,2026,TESLA,MODEL Y,Battery Electric Vehicle (BEV),Eligibility unknown as battery range has not been researched,0,16,289381991,"{'type': 'Point', 'coordinates': [-119.76904, 46.20663]}",BONNEVILLE POWER ADMINISTRATION||PUD NO 1 OF BENTON COUNTY,53005011701
7SAYGDEE2T,Pierce,Lakewood,WA,98498,2026,TESLA,MODEL Y,Battery Electric Vehicle (BEV),Eligibility unknown as battery range has not been researched,0,28,281889751,"{'type': 'Point', 'coordinates': [-122.54764, 47.17669]}",PUGET SOUND ENERGY INC||CITY OF TACOMA - (WA),53053072108
5XYADFS58T,Snohomish,Edmonds,WA,98020,2026,KIA,EV9,Battery Electric Vehicle (BEV),Eligibility unknown as battery range has not been researched,0,32,286190481,"{'type': 'Point', 'coordinates': [-122.37695, 47.81113]}",PUGET SOUND ENERGY INC,53061050700
7SAYGDEE7T,Snohomish,Bothell,WA,98021,2026,TESLA,MODEL Y,Battery Electric Vehicle (BEV),Eligibility unknown as battery range has not been researched,0,1,282861610,"{'type': 'Point', 'coordinates': [-122.18384, 47.8031]}",PUGET SOUND ENERGY INC,53061051926
5XYAEFS5XT,Pierce,Tacoma,WA,98407,2026,KIA,EV9,Battery Electric Vehicle (BEV),Eligibility unknown as battery range has not been researched,0,27,287837371,"{'type': 'Point', 'coordinates': [-122.54304, 47.31803]}",BONNEVILLE POWER ADMINISTRATION||CITY OF TACOMA - (WA)||PENINSULA LIGHT COMPANY,53053060300
7SAYGDEE7T,King,Newcastle,WA,98056,2026,TESLA,MODEL Y,Battery Electric Vehicle (BEV),Eligibility unknown as battery range has not been researched,0,41,290174671,"{'type': 'Point', 'coordinates': [-122.18839, 47.51197]}",PUGET SOUND ENERGY INC||CITY OF TACOMA - (WA),53033024703
5YJ3E1EA3T,King,Bellevue,WA,98005,2026,TESLA,MODEL 3,Battery Electric Vehicle (BEV),Eligibility unknown as battery range has not been researched,0,41,286737503,"{'type': 'Point', 'coordinates': [-122.1621, 47.64441]}",PUGET SOUND ENERGY INC||CITY OF TACOMA - (WA),53033023500
JTMBCAEB0T,Pierce,Lakewood,WA,98498,2026,TOYOTA,BZ,Battery Electric Vehicle (BEV),Eligibility unknown as battery range has not been researched,0,28,290336714,"{'type': 'Point', 'coordinates': [-122.54764, 47.17669]}",BONNEVILLE POWER ADMINISTRATION||CITY OF TACOMA - (WA)||PENINSULA LIGHT COMPANY,53053072106
5UX43EU02T,Pierce,Lakewood,WA,98498,2026,BMW,X5,Plug-in Hybrid Electric Vehicle (PHEV),Clean Alternative Fuel Vehicle Eligible,38,28,292605918,"{'type': 'Point', 'coordinates': [-122.54764, 47.17669]}",PUGET SOUND ENERGY INC||CITY OF TACOMA - (WA),53053071902
7SAYGDEE7T,King,Seattle,WA,98104,2026,TESLA,MODEL Y,Battery Electric Vehicle (BEV),Eligibility unknown as battery range has not been researched,0,37,289452964,"{'type': 'Point', 'coordinates': [-122.32945, 47.60357]}",CITY OF SEATTLE - (WA)|CITY OF TACOMA - (WA),53033008500
5UX43EU0XT,Spokane,Deer Park,WA,99006,2026,BMW,X5,Plug-in Hybrid Electric Vehicle (PHEV),Clean Alternative Fuel Vehicle Eligible,38,7,291036000,"{'type': 'Point', 'coordinates': [-117.47154, 47.95431]}",BONNEVILLE POWER ADMINISTRATION||AVISTA CORP||INLAND POWER & LIGHT COMPANY,53063010303
1GYC3NML0T,King,Kent,WA,98042,2026,CADILLAC,VISTIQ,Battery Electric Vehicle (BEV),Eligibility unknown as battery range has not been researched,0,47,287808405,"{'type': 'Point', 'coordinates': [-122.10798, 47.37124]}",PUGET SOUND ENERGY INC||CITY OF TACOMA - (WA),53033031707
5YJ3E1EB1T,King,Renton,WA,98059,2026,TESLA,MODEL 3,Battery Electric Vehicle (BEV),Eligibility unknown as battery range has not been researched,0,11,290972041,"{'type': 'Point', 'coordinates': [-122.11589, 47.50243]}",PUGET SOUND ENERGY INC||CITY OF TACOMA - (WA),53033025202
7SAYGDEE8T,King,Issaquah,WA,98027,2026,TESLA,MODEL Y,Battery Electric Vehicle (BEV),Eligibility unknown as battery range has not been researched,0,5,286708901,"{'type': 'Point', 'coordinates': [-122.03439, 47.5301]}",PUGET SOUND ENERGY INC||CITY OF TACOMA - (WA),53033032102
7SAYGDED4T,King,Seattle,WA,98104,2026,TESLA,MODEL Y,Battery Electric Vehicle (BEV),Eligibility unknown as battery range has not been researched,0,37,287300282,"{'type': 'Point', 'coordinates': [-122.32945, 47.60357]}",CITY OF SEATTLE - (WA)|CITY OF TACOMA - (WA),53033009100
7SAYGDEE0T,King,Bothell,WA,98011,2026,TESLA,MODEL Y,Battery Electric Vehicle (BEV),Eligibility unknown as battery range has not been researched,0,1,286689819,"{'type': 'Point', 'coordinates': [-122.20563, 47.76144]}",PUGET SOUND ENERGY INC||CITY OF TACOMA - (WA),53033021802
7UUG1TJJXT,Pierce,Bonney Lake,WA,98391,2026,LUCID,GRAVITY,Battery Electric Vehicle (BEV),Eligibility unknown as battery range has not been researched,0,31,291992004,"{'type': 'Point', 'coordinates': [-122.17144, 47.19175]}",PUGET SOUND ENERGY INC||CITY OF TACOMA - (WA),53053070208
5YJSA1E60T,King,Kirkland,WA,98033,2026,TESLA,MODEL S,Battery Electric Vehicle (BEV),Eligibility unknown as battery range has not been researched,0,48,290254170,"{'type': 'Point', 'coordinates': [-122.2066, 47.67887]}",PUGET SOUND ENERGY INC||CITY OF TACOMA - (WA),53033022702
5XYAFFS55T,King,Kenmore,WA,98028,2026,KIA,EV9,Battery Electric Vehicle (BEV),Eligibility unknown as battery range has not been researched,0,46,282798638,"{'type': 'Point', 'coordinates': [-122.24369, 47.75892]}",PUGET SOUND ENERGY INC||CITY OF TACOMA - (WA),53033021701
KM8JFDD25T,Island,Langley,WA,98260,2026,HYUNDAI,TUCSON,Plug-in Hybrid Electric Vehicle (PHEV),Clean Alternative Fuel Vehicle Eligible,32,10,294650912,"{'type': 'Point', 'coordinates': [-122.40618, 48.0399]}",PUGET SOUND ENERGY INC,53029971900
7SAYGDEE4T,King,Snoqualmie,WA,98024,2026,TESLA,MODEL Y,Battery Electric Vehicle (BEV),Eligibility unknown as battery range has not been researched,0,5,281672114,"{'type': 'Point', 'coordinates': [-121.89086, 47.56812]}",PUGET SOUND ENERGY INC||CITY OF TACOMA - (WA),53033032605
1GYC3NML9T,Snohomish,Marysville,WA,98270,2026,CADILLAC,VISTIQ,Battery Electric Vehicle (BEV),Eligibility unknown as battery range has not been researched,0,44,282511239,"{'type': 'Point', 'coordinates': [-122.1769, 48.06114]}",PUGET SOUND ENERGY INC,53061052707
7SAYGDEE4T,Yakima,Yakima,WA,98903,2026,TESLA,MODEL Y,Battery Electric Vehicle (BEV),Eligibility unknown as battery range has not been researched,0,14,284232308,"{'type': 'Point', 'coordinates': [-120.71847, 46.55029]}",PACIFICORP,53077002803
7SAYGDEE5T,Pierce,Gig Harbor,WA,98332,2026,TESLA,MODEL Y,Battery Electric Vehicle (BEV),Eligibility unknown as battery range has not been researched,0,26,292826544,"{'type': 'Point', 'coordinates': [-122.58965, 47.34235]}",BONNEVILLE POWER ADMINISTRATION||CITY OF TACOMA - (WA)||PENINSULA LIGHT COMPANY,53053072504
7YAKRDDC4T,King,Seattle,WA,98109,2026,HYUNDAI,IONIQ 5,Battery Electric Vehicle (BEV),Eligibility unknown as battery range has not been researched,0,43,287228378,"{'type': 'Point', 'coordinates': [-122.34845, 47.63283]}",CITY OF SEATTLE - (WA)|CITY OF TACOMA - (WA),53033007303
7SAYGDEE7T,King,Bothell,WA,98011,2026,TESLA,MODEL Y,Battery Electric Vehicle (BEV),Eligibility unknown as battery range has not been researched,0,1,283059080,"{'type': 'Point', 'coordinates': [-122.20563, 47.76144]}",PUGET SOUND ENERGY INC||CITY OF TACOMA - (WA),53033021802
7SAYGAEE7T,King,Sammamish,WA,98074,2026,TESLA,MODEL Y,Battery Electric Vehicle (BEV),Eligibility unknown as battery range has not been researched,0,45,294449025,"{'type': 'Point', 'coordinates': [-122.02054, 47.60326]}",PUGET SOUND ENERGY INC||CITY OF TACOMA - (WA),53033032216
5YJ3E1EAXT,King,Bothell,WA,98011,2026,TESLA,MODEL 3,Battery Electric Vehicle (BEV),Eligibility unknown as battery range has not been researched,0,1,287077535,"{'type': 'Point', 'coordinates': [-122.20563, 47.76144]}",PUGET SOUND ENERGY INC||CITY OF TACOMA - (WA),53033021905
7SAYGDEE9T,Pierce,Puyallup,WA,98372,2026,TESLA,MODEL Y,Battery Electric Vehicle (BEV),Eligibility unknown as battery range has not been researched,0,31,292828497,"{'type': 'Point', 'coordinates': [-122.25646, 47.21259]}",PUGET SOUND ENERGY INC||CITY OF TACOMA - (WA),53053073501
WB553CF05T,King,Woodinville,WA,98072,2026,BMW,IX,Battery Electric Vehicle (BEV),Eligibility unknown as battery range has not been researched,0,45,281533318,"{'type': 'Point', 'coordinates': [-122.15545, 47.75448]}",PUGET SOUND ENERGY INC||CITY OF TACOMA - (WA),53033032307
5XYADFS56T,Spokane,Spokane,WA,99218,2026,KIA,EV9,Battery Electric Vehicle (BEV),Eligibility unknown as battery range has not been researched,0,7,292193436,"{'type': 'Point', 'coordinates': [-117.41143, 47.74568]}",BONNEVILLE POWER ADMINISTRATION||AVISTA CORP||INLAND POWER & LIGHT COMPANY,53063010800
1GT1ETED5T,Spokane,Spokane,WA,99217,2026,GMC,SIERRA,Battery Electric Vehicle (BEV),Eligibility unknown as battery range has not been researched,0,4,285444848,"{'type': 'Point', 'coordinates': [-117.35298, 47.70433]}",BONNEVILLE POWER ADMINISTRATION||VERA IRRIGATION DISTRICT #15,53063011302
JTM7ERAV2T,King,Redmond,WA,98052,2026,TOYOTA,RAV4 PRIME (PHEV),Plug-in Hybrid Electric Vehicle (PHEV),Clean Alternative Fuel Vehicle Eligible,52,48,291562939,"{'type': 'Point', 'coordinates': [-122.13158, 47.67858]}",PUGET SOUND ENERGY INC||CITY OF TACOMA - (WA),53033032330
7SAYGDED2T,King,Woodinville,WA,98072,2026,TESLA,MODEL Y,Battery Electric Vehicle (BEV),Eligibility unknown as battery range has not been researched,0,45,292312443,"{'type': 'Point', 'coordinates': [-122.15545, 47.75448]}",PUGET SOUND ENERGY INC||CITY OF TACOMA - (WA),53033032320
7SAYGDEE5T,King,Redmond,WA,98053,2026,TESLA,MODEL Y,Battery Electric Vehicle (BEV),Eligibility unknown as battery range has not been researched,0,45,283495845,"{'type': 'Point', 'coordinates': [-122.03287, 47.68555]}",PUGET SOUND ENERGY INC||CITY OF TACOMA - (WA),53033032332
7SAYGDEE7T,Snohomish,Stanwood,WA,98292,2026,TESLA,MODEL Y,Battery Electric Vehicle (BEV),Eligibility unknown as battery range has not been researched,0,10,282517574,"{'type': 'Point', 'coordinates': [-122.37265, 48.24159]}",BONNEVILLE POWER ADMINISTRATION||PUD 1 OF SNOHOMISH COUNTY,53061053301
7SAYGDEE7T,Clark,Battle Ground,WA,98604,2026,TESLA,MODEL Y,Battery Electric Vehicle (BEV),Eligibility unknown as battery range has not been researched,0,18,292713662,"{'type': 'Point', 'coordinates': [-122.5331, 45.78092]}",BONNEVILLE POWER ADMINISTRATION||PUD NO 1 OF CLARK COUNTY - (WA),53011040504
5UX43EU02T,King,Issaquah,WA,98027,2026,BMW,X5,Plug-in Hybrid Electric Vehicle (PHEV),Clean Alternative Fuel Vehicle Eligible,38,5,283409059,"{'type': 'Point', 'coordinates': [-122.03439, 47.5301]}",PUGET SOUND ENERGY INC||CITY OF TACOMA - (WA),53033032103
7SAYGDEDXT,King,Issaquah,WA,98027,2026,TESLA,MODEL Y,Battery Electric Vehicle (BEV),Eligibility unknown as battery range has not been researched,0,5,285304225,"{'type': 'Point', 'coordinates': [-122.03439, 47.5301]}",PUGET SOUND ENERGY INC||CITY OF TACOMA - (WA),53033025006
3GN7DMRPXT,Snohomish,Lake Stevens,WA,98258,2026,CHEVROLET,EQUINOX,Battery Electric Vehicle (BEV),Eligibility unknown as battery range has not been researched,0,44,285745106,"{'type': 'Point', 'coordinates': [-122.06402, 48.01497]}",PUGET SOUND ENERGY INC,53061052607
7UUG1GHJ8T,King,Kirkland,WA,98034,2026,LUCID,GRAVITY,Battery Electric Vehicle (BEV),Eligibility unknown as battery range has not been researched,0,45,289604654,"{'type': 'Point', 'coordinates': [-122.22901, 47.72201]}",PUGET SOUND ENERGY INC||CITY OF TACOMA - (WA),53033021903
JTMBCAEB1T,King,Kirkland,WA,98033,2026,TOYOTA,BZ,Battery Electric Vehicle (BEV),Eligibility unknown as battery range has not been researched,0,48,291029224,"{'type': 'Point', 'coordinates': [-122.2066, 47.67887]}",PUGET SOUND ENERGY INC||CITY OF TACOMA - (WA),53033022703
7SAYGDEE1T,Pierce,Gig Harbor,WA,98335,2026,TESLA,MODEL Y,Battery Electric Vehicle (BEV),Eligibility unknown as battery range has not been researched,0,26,279187135,"{'type': 'Point', 'coordinates': [-122.58009, 47.328]}",BONNEVILLE POWER ADMINISTRATION||CITY OF TACOMA - (WA)||PENINSULA LIGHT COMPANY,53053072408
5YJ3E1ET4T,Chelan,Wenatchee,WA,98801,2026,TESLA,MODEL 3,Battery Electric Vehicle (BEV),Eligibility unknown as battery range has not been researched,0,12,290143430,"{'type': 'Point', 'coordinates': [-120.30521, 47.41493]}",PUD NO 1 OF CHELAN COUNTY,53007960700
5UX43EU05T,Pierce,Tacoma,WA,98403,2026,BMW,X5,Plug-in Hybrid Electric Vehicle (PHEV),Clean Alternative Fuel Vehicle Eligible,38,27,294010440,"{'type': 'Point', 'coordinates': [-122.45782, 47.26541]}",BONNEVILLE POWER ADMINISTRATION||CITY OF TACOMA - (WA)||PENINSULA LIGHT COMPANY,53053060600
7SAYGDED0T,King,Auburn,WA,98092,2026,TESLA,MODEL Y,Battery Electric Vehicle (BEV),Eligibility unknown as battery range has not been researched,0,47,285110101,"{'type': 'Point', 'coordinates': [-122.18263, 47.31825]}",PUGET SOUND ENERGY INC||CITY OF TACOMA - (WA),53033029602
7SAYGDED6T,King,Redmond,WA,98053,2026,TESLA,MODEL Y,Battery Electric Vehicle (BEV),Eligibility unknown as battery range has not been researched,0,45,285291121,"{'type': 'Point', 'coordinates': [-122.03287, 47.68555]}",PUGET SOUND ENERGY INC||CITY OF TACOMA - (WA),53033032332
5XYAB5S14T,King,Duvall,WA,98019,2026,KIA,EV9,Battery Electric Vehicle (BEV),Eligibility unknown as battery range has not been researched,0,45,292804907,"{'type': 'Point', 'coordinates': [-121.98609, 47.74068]}",PUGET SOUND ENERGY INC||CITY OF TACOMA - (WA),53033032402
7SAYGDEE6T,Douglas,East Wenatchee,WA,98802,2026,TESLA,MODEL Y,Battery Electric Vehicle (BEV),Eligibility unknown as battery range has not been researched,0,12,287008606,"{'type': 'Point', 'coordinates': [-120.29473, 47.41515]}",PUD NO 1 OF DOUGLAS COUNTY,53017950300
7SAYGDEE1T,Thurston,Olympia,WA,98506,2026,TESLA,MODEL Y,Battery Electric Vehicle (BEV),Eligibility unknown as battery range has not been researched,0,22,285563582,"{'type': 'Point', 'coordinates': [-122.87741, 47.05997]}",PUGET SOUND ENERGY INC,53067012223
WBY43HD0XT,Snohomish,Edmonds,WA,98026,2026,BMW,I4,Battery Electric Vehicle (BEV),Eligibility unknown as battery range has not been researched,0,32,290226562,"{'type': 'Point', 'coordinates': [-122.31768, 47.87166]}",PUGET SOUND ENERGY INC,53061050800
5LMTJ5DZ5T,Spokane,Spokane,WA,99201,2026,LINCOLN,CORSAIR,Plug-in Hybrid Electric Vehicle (PHEV),Not eligible due to low battery range,27,3,291314950,"{'type': 'Point', 'coordinates': [-117.41162, 47.65726]}",MODERN ELECTRIC WATER COMPANY,53063003500
7SAYGDEE7T,King,Seattle,WA,98178,2026,TESLA,MODEL Y,Battery Electric Vehicle (BEV),Eligibility unknown as battery range has not been researched,0,37,291920464,"{'type': 'Point', 'coordinates': [-122.25031, 47.49481]}",PUGET SOUND ENERGY INC||CITY OF TACOMA - (WA),53033026004
7SAYGDEE1T,Chelan,Leavenworth,WA,98826,2026,TESLA,MODEL Y,Battery Electric Vehicle (BEV),Eligibility unknown as battery range has not been researched,0,12,292327024,"{'type': 'Point', 'coordinates': [-120.65754, 47.5982]}",PUD NO 1 OF CHELAN COUNTY,53007960201
5YJ3E1ET3T,Snohomish,Stanwood,WA,98292,2026,TESLA,MODEL 3,Battery Electric Vehicle (BEV),Eligibility unknown as battery range has not been researched,0,10,290544992,"{'type': 'Point', 'coordinates': [-122.37265, 48.24159]}",BONNEVILLE POWER ADMINISTRATION||PUD 1 OF SNOHOMISH COUNTY,53061053301
7SAYGDEE3T,King,Kirkland,WA,98033,2026,TESLA,MODEL Y,Battery Electric Vehicle (BEV),Eligibility unknown as battery range has not been researched,0,48,284138970,"{'type': 'Point', 'coordinates': [-122.2066, 47.67887]}",PUGET SOUND ENERGY INC||CITY OF TACOMA - (WA),53033022502
JTMBDAFB5T,Thurston,Tenino,WA,98589,2026,TOYOTA,BZ,Battery Electric Vehicle (BEV),Eligibility unknown as battery range has not been researched,0,20,293904852,"{'type': 'Point', 'coordinates': [-122.85135, 46.85752]}",PUGET SOUND ENERGY INC,53067012620
7SAYGDEEXT,Spokane,Greenacres,WA,99016,2026,TESLA,MODEL Y,Battery Electric Vehicle (BEV),Eligibility unknown as battery range has not been researched,0,4,287071529,"{'type': 'Point', 'coordinates': [-117.16242, 47.65738]}",BONNEVILLE POWER ADMINISTRATION||AVISTA CORP||INLAND POWER & LIGHT COMPANY,53063013003
5YJ3E1EA3T,Pierce,University Place,WA,98467,2026,TESLA,MODEL 3,Battery Electric Vehicle (BEV),Eligibility unknown as battery range has not been researched,0,28,292442223,"{'type': 'Point', 'coordinates': [-122.50669, 47.20313]}",BONNEVILLE POWER ADMINISTRATION||CITY OF TACOMA - (WA)||PENINSULA LIGHT COMPANY,53053072314
ZHWUC1ZC5T,Virginia Beach,Virginia Beach,VA,23453,2026,LAMBORGHINI,TEMERARIO,Plug-in Hybrid Electric Vehicle (PHEV),Clean Alternative Fuel Vehicle Eligible,,,294365949,"{'type': 'Point', 'coordinates': [-76.10427, 36.79444]}",NON WASHINGTON STATE ELECTRIC UTILITY,51810045429
7SAYGDEE3T,Skamania,Washougal,WA,98671,2026,TESLA,MODEL Y,Battery Electric Vehicle (BEV),Eligibility unknown as battery range has not been researched,0,14,291558326,"{'type': 'Point', 'coordinates': [-122.35341, 45.57923]}",BONNEVILLE POWER ADMINISTRATION||PUD NO 1 OF SKAMANIA CO,53059950200
7PDSGBBP4T,King,Fall City,WA,98024,2026,RIVIAN,R1S,Battery Electric Vehicle (BEV),Eligibility unknown as battery range has not been researched,0,5,284198862,"{'type': 'Point', 'coordinates': [-121.89086, 47.56812]}",PUGET SOUND ENERGY INC||CITY OF TACOMA - (WA),53033032221
7SAYGDEE7T,Pierce,Puyallup,WA,98374,2026,TESLA,MODEL Y,Battery Electric Vehicle (BEV),Eligibility unknown as battery range has not been researched,0,2,288411784,"{'type': 'Point', 'coordinates': [-122.27504, 47.13926]}",PUGET SOUND ENERGY INC||CITY OF TACOMA - (WA),53053073129
7SAYGDEE3T,King,Redmond,WA,98053,2026,TESLA,MODEL Y,Battery Electric Vehicle (BEV),Eligibility unknown as battery range has not been researched,0,45,290606753,"{'type': 'Point', 'coordinates': [-122.03287, 47.68555]}",PUGET SOUND ENERGY INC||CITY OF TACOMA - (WA),53033032332
JTM7ERAV5T,Pierce,Fife,WA,98424,2026,TOYOTA,RAV4 PRIME (PHEV),Plug-in Hybrid Electric Vehicle (PHEV),Clean Alternative Fuel Vehicle Eligible,52,25,294571917,"{'type': 'Point', 'coordinates': [-122.37302, 47.24714]}",BONNEVILLE POWER ADMINISTRATION||CITY OF TACOMA - (WA)||PENINSULA LIGHT COMPANY,53053940002
JTMAAAAD7T,King,Seattle,WA,98146,2026,TOYOTA,C-HR,Battery Electric Vehicle (BEV),Eligibility unknown as battery range has not been researched,0,34,292591666,"{'type': 'Point', 'coordinates': [-122.36322, 47.49736]}",CITY OF SEATTLE - (WA)|CITY OF TACOMA - (WA),53033026600
7G2CEHED6T,Snohomish,Woodinville,WA,98072,2026,TESLA,CYBERTRUCK,Battery Electric Vehicle (BEV),Eligibility unknown as battery range has not been researched,0,1,287291777,"{'type': 'Point', 'coordinates': [-122.15545, 47.75448]}",PUGET SOUND ENERGY INC,53061051912
5YJ3E1EB6T,King,Redmond,WA,98052,2026,TESLA,MODEL 3,Battery Electric Vehicle (BEV),Eligibility unknown as battery range has not been researched,0,48,293031329,"{'type': 'Point', 'coordinates': [-122.13158, 47.67858]}",PUGET SOUND ENERGY INC||CITY OF TACOMA - (WA),53033032313
JTMBDAFB6T,Spokane,Spokane,WA,99206,2026,TOYOTA,BZ,Battery Electric Vehicle (BEV),Eligibility unknown as battery range has not been researched,0,4,290652974,"{'type': 'Point', 'coordinates': [-117.24781, 47.63516]}",BONNEVILLE POWER ADMINISTRATION||AVISTA CORP||INLAND POWER & LIGHT COMPANY,53063012402
7YAMYFS54T,King,Seattle,WA,98118,2026,HYUNDAI,IONIQ 9,Battery Electric Vehicle (BEV),Eligibility unknown as battery range has not been researched,0,37,282816565,"{'type': 'Point', 'coordinates': [-122.28083, 47.54693]}",CITY OF SEATTLE - (WA)|CITY OF TACOMA - (WA),53033011700
5YJ3E1EA0T,King,Seattle,WA,98103,2026,TESLA,MODEL 3,Battery Electric Vehicle (BEV),Eligibility unknown as battery range has not been researched,0,43,286399725,"{'type': 'Point', 'coordinates': [-122.35436, 47.67596]}",CITY OF SEATTLE - (WA)|CITY OF TACOMA - (WA),53033005000
JTMBDAFB8T,Spokane,Spokane,WA,99208,2026,TOYOTA,BZ,Battery Electric Vehicle (BEV),Eligibility unknown as battery range has not been researched,0,6,293109673,"{'type': 'Point', 'coordinates': [-117.45005, 47.7333]}",BONNEVILLE POWER ADMINISTRATION||AVISTA CORP||INLAND POWER & LIGHT COMPANY,53063010701
5YJ3E1EB4T,Yakima,Selah,WA,98942,2026,TESLA,MODEL 3,Battery Electric Vehicle (BEV),Eligibility unknown as battery range has not been researched,0,15,293937696,"{'type': 'Point', 'coordinates': [-120.53145, 46.65405]}",PACIFICORP,53077003100
7YAKNDDC5T,Clallam,Port Angeles,WA,98362,2026,HYUNDAI,IONIQ 5,Battery Electric Vehicle (BEV),Eligibility unknown as battery range has not been researched,0,24,292058952,"{'type': 'Point', 'coordinates': [-123.43112, 48.11892]}",BONNEVILLE POWER ADMINISTRATION||PUD NO 1 OF CLALLAM COUNTY,53009001400
7SAXCAE5XT,Snohomish,Mill Creek,WA,98012,2026,TESLA,MODEL X,Battery Electric Vehicle (BEV),Eligibility unknown as battery range has not been researched,0,44,291419761,"{'type': 'Point', 'coordinates': [-122.20105, 47.84423]}",PUGET SOUND ENERGY INC,53061052005
7SAYGDEE0T,Pierce,Lakewood,WA,98498,2026,TESLA,MODEL Y,Battery Electric Vehicle (BEV),Eligibility unknown as battery range has not been researched,0,28,280301234,"{'type': 'Point', 'coordinates': [-122.54764, 47.17669]}",PUGET SOUND ENERGY INC||CITY OF TACOMA - (WA),53053072108
7SAYGDEE6T,King,Redmond,WA,98052,2026,TESLA,MODEL Y,Battery Electric Vehicle (BEV),Eligibility unknown as battery range has not been researched,0,48,290339206,"{'type': 'Point', 'coordinates': [-122.13158, 47.67858]}",PUGET SOUND ENERGY INC||CITY OF TACOMA - (WA),53033032331
7SAYGDEE0T,Snohomish,Snohomish,WA,98296,2026,TESLA,MODEL Y,Battery Electric Vehicle (BEV),Eligibility unknown as battery range has not been researched,0,1,290223958,"{'type': 'Point', 'coordinates': [-122.1389, 47.87115]}",PUGET SOUND ENERGY INC,53061052108
JTJHKCFZ8T,Walla Walla,Walla Walla,WA,99362,2026,LEXUS,NX,Plug-in Hybrid Electric Vehicle (PHEV),Clean Alternative Fuel Vehicle Eligible,37,16,287230688,"{'type': 'Point', 'coordinates': [-118.34261, 46.07068]}",PACIFICORP,53071920901
KNDRMDJH1T,King,Redmond,WA,98053,2026,KIA,SORENTO,Plug-in Hybrid Electric Vehicle (PHEV),Clean Alternative Fuel Vehicle Eligible,30,45,294659116,"{'type': 'Point', 'coordinates': [-122.03287, 47.68555]}",PUGET SOUND ENERGY INC||CITY OF TACOMA - (WA),53033032332
7SAYGDEE9T,Clark,Ridgefield,WA,98642,2026,TESLA,MODEL Y,Battery Electric Vehicle (BEV),Eligibility unknown as battery range has not been researched,0,18,285833957,"{'type': 'Point', 'coordinates': [-122.74595, 45.81539]}",BONNEVILLE POWER ADMINISTRATION||PUD NO 1 OF CLARK COUNTY - (WA),53011040910
3GN7DMRP5T,Snohomish,Marysville,WA,98270,2026,CHEVROLET,EQUINOX,Battery Electric Vehicle (BEV),Eligibility unknown as battery range has not been researched,0,44,285682918,"{'type': 'Point', 'coordinates': [-122.1769, 48.06114]}",PUGET SOUND ENERGY INC,53061052711
7SAYGDED9T,Snohomish,Lynnwood,WA,98037,2026,TESLA,MODEL Y,Battery Electric Vehicle (BEV),Eligibility unknown as battery range has not been researched,0,32,282107059,"{'type': 'Point', 'coordinates': [-122.27734, 47.83785]}",PUGET SOUND ENERGY INC,53061051802
JTMBDAFC2T,King,Auburn,WA,98092,2026,SUBARU,SOLTERRA,Battery Electric Vehicle (BEV),Eligibility unknown as battery range has not been researched,0,47,289632311,"{'type': 'Point', 'coordinates': [-122.18263, 47.31825]}",PUGET SOUND ENERGY INC||CITY OF TACOMA - (WA),53033030504
7SAYGDED8T,Thurston,Olympia,WA,98516,2026,TESLA,MODEL Y,Battery Electric Vehicle (BEV),Eligibility unknown as battery range has not been researched,0,22,293593989,"{'type': 'Point', 'coordinates': [-122.78598, 47.08476]}",PUGET SOUND ENERGY INC,53067012221
WP1BE2AY8T,Kitsap,Bainbridge Island,WA,98110,2026,PORSCHE,CAYENNE,Plug-in Hybrid Electric Vehicle (PHEV),Not eligible due to low battery range,28,23,287251338,"{'type': 'Point', 'coordinates': [-122.521, 47.62759]}",PUGET SOUND ENERGY INC,53035090700
1GT1ETED7T,King,Seattle,WA,98108,2026,GMC,SIERRA,Battery Electric Vehicle (BEV),Eligibility unknown as battery range has not been researched,0,11,293274957,"{'type': 'Point', 'coordinates': [-122.31449, 47.53917]}",CITY OF SEATTLE - (WA)|CITY OF TACOMA - (WA),53033026400
7SAYGDEE3T,Snohomish,Monroe,WA,98272,2026,TESLA,MODEL Y,Battery Electric Vehicle (BEV),Eligibility unknown as battery range has not been researched,0,39,285296231,"{'type': 'Point', 'coordinates': [-121.98087, 47.8526]}",PUGET SOUND ENERGY INC,53061052203
JTMAAAAD0T,King,Seattle,WA,98117,2026,TOYOTA,C-HR,Battery Electric Vehicle (BEV),Eligibility unknown as battery range has not been researched,0,36,291068466,"{'type': 'Point', 'coordinates': [-122.38418, 47.70044]}",CITY OF SEATTLE - (WA)|CITY OF TACOMA - (WA),53033003400
WB543CF03T,King,Woodinville,WA,98072,2026,BMW,IX,Battery Electric Vehicle (BEV),Eligibility unknown as battery range has not been researched,0,45,287838274,"{'type': 'Point', 'coordinates': [-122.15545, 47.75448]}",PUGET SOUND ENERGY INC||CITY OF TACOMA - (WA),53033032320
WBY43HD06T,Snohomish,Lynnwood,WA,98037,2026,BMW,I4,Battery Electric Vehicle (BEV),Eligibility unknown as battery range has not been researched,0,32,291016407,"{'type': 'Point', 'coordinates': [-122.27734, 47.83785]}",PUGET SOUND ENERGY INC,53061051602
7YAKNDDC5T,King,Seattle,WA,98117,2026,HYUNDAI,IONIQ 5,Battery Electric Vehicle (BEV),Eligibility unknown as battery range has not been researched,0,36,290269451,"{'type': 'Point', 'coordinates': [-122.38418, 47.70044]}",CITY OF SEATTLE - (WA)|CITY OF TACOMA - (WA),53033003000
7SAYGDED8T,Pierce,Bonney Lake,WA,98391,2026,TESLA,MODEL Y,Battery Electric Vehicle (BEV),Eligibility unknown as battery range has not been researched,0,31,289754370,"{'type': 'Point', 'coordinates': [-122.17144, 47.19175]}",PUGET SOUND ENERGY INC||CITY OF TACOMA - (WA),53053070209
7PDSGGBA5T,Clark,Camas,WA,98607,2026,RIVIAN,R1S,Battery Electric Vehicle (BEV),Eligibility unknown as battery range has not been researched,0,18,291418200,"{'type': 'Point', 'coordinates': [-122.40177, 45.58705]}",BONNEVILLE POWER ADMINISTRATION||PUD NO 1 OF CLARK COUNTY - (WA),53011040608
JM3KKEHA0T,Spokane,Liberty Lake,WA,99019,2026,MAZDA,CX-90,Plug-in Hybrid Electric Vehicle (PHEV),Not eligible due to low battery range,27,4,293606582,"{'type': 'Point', 'coordinates': [-117.10244, 47.66842]}",BONNEVILLE POWER ADMINISTRATION||AVISTA CORP||INLAND POWER & LIGHT COMPANY,53063013204
7SAYGDET8T,Snohomish,Lynnwood,WA,98037,2026,TESLA,MODEL Y,Battery Electric Vehicle (BEV),Eligibility unknown as battery range has not been researched,0,21,289543208,"{'type': 'Point', 'coordinates': [-122.27734, 47.83785]}",PUGET SOUND ENERGY INC,53061051927
7SAYGDEE9T,King,Duvall,WA,98019,2026,TESLA,MODEL Y,Battery Electric Vehicle (BEV),Eligibility unknown as battery range has not been researched,0,45,290315469,"{'type': 'Point', 'coordinates': [-121.98609, 47.74068]}",PUGET SOUND ENERGY INC||CITY OF TACOMA - (WA),53033032402
7SAYGDEE9T,King,Redmond,WA,98053,2026,TESLA,MODEL Y,Battery Electric Vehicle (BEV),Eligibility unknown as battery range has not been researched,0,45,284826867,"{'type': 'Point', 'coordinates': [-122.03287, 47.68555]}",PUGET SOUND ENERGY INC||CITY OF TACOMA - (WA),53033032332
JTDACACU1T,Lincoln,Wilbur,WA,99185,2026,TOYOTA,PRIUS PRIME (PHEV),Plug-in Hybrid Electric Vehicle (PHEV),Clean Alternative Fuel Vehicle Eligible,44,13,285997435,"{'type': 'Point', 'coordinates': [-118.70912, 47.75942]}",BONNEVILLE POWER ADMINISTRATION||AVISTA CORP||INLAND POWER & LIGHT COMPANY,53043960300
JTDACACU2T,Thurston,Olympia,WA,98501,2026,TOYOTA,PRIUS PRIME (PHEV),Plug-in Hybrid Electric Vehicle (PHEV),Clean Alternative Fuel Vehicle Eligible,44,22,291386868,"{'type': 'Point', 'coordinates': [-122.89165, 47.03954]}",PUGET SOUND ENERGY INC,53067010100
7SAYGDEEXT,King,Kirkland,WA,98033,2026,TESLA,MODEL Y,Battery Electric Vehicle (BEV),Eligibility unknown as battery range has not been researched,0,48,287010356,"{'type': 'Point', 'coordinates': [-122.2066, 47.67887]}",PUGET SOUND ENERGY INC||CITY OF TACOMA - (WA),53033022604
7SAYGDEE4T,King,Sammamish,WA,98075,2026,TESLA,MODEL Y,Battery Electric Vehicle (BEV),Eligibility unknown as battery range has not been researched,0,41,278097473,"{'type': 'Point', 'coordinates': [-122.03539, 47.61344]}",PUGET SOUND ENERGY INC||CITY OF TACOMA - (WA),53033032224
7SAYGDED4T,Island,Camano Island,WA,98282,2026,TESLA,MODEL Y,Battery Electric Vehicle (BEV),Eligibility unknown as battery range has not been researched,0,10,282433777,"{'type': 'Point', 'coordinates': [-122.40049, 48.23986]}",BONNEVILLE POWER ADMINISTRATION||PUD 1 OF SNOHOMISH COUNTY,53029971700
7SAYGDED0T,King,Seattle,WA,98102,2026,TESLA,MODEL Y,Battery Electric Vehicle (BEV),Eligibility unknown as battery range has not been researched,0,43,292301873,"{'type': 'Point', 'coordinates': [-122.32427, 47.63433]}",CITY OF SEATTLE - (WA)|CITY OF TACOMA - (WA),53033007405
JTMBDAFB9T,Douglas,Palisades,WA,98845,2026,TOYOTA,BZ,Battery Electric Vehicle (BEV),Eligibility unknown as battery range has not been researched,0,12,288244239,"{'type': 'Point', 'coordinates': [-119.9176, 47.41492]}",PUD NO 1 OF DOUGLAS COUNTY,53017950200
7SAYGDED9T,Thurston,Lacey,WA,98516,2026,TESLA,MODEL Y,Battery Electric Vehicle (BEV),Eligibility unknown as battery range has not been researched,0,22,285154677,"{'type': 'Point', 'coordinates': [-122.78598, 47.08476]}",PUGET SOUND ENERGY INC,53067012226
7SAYGDEE9T,Pierce,Puyallup,WA,98374,2026,TESLA,MODEL Y,Battery Electric Vehicle (BEV),Eligibility unknown as battery range has not been researched,0,25,286088519,"{'type': 'Point', 'coordinates': [-122.27504, 47.13926]}",PUGET SOUND ENERGY INC||CITY OF TACOMA - (WA),53053073123
7SAYGDEE3T,Pierce,South Hill,WA,98375,2026,TESLA,MODEL Y,Battery Electric Vehicle (BEV),Eligibility unknown as battery range has not been researched,0,2,292882173,"{'type': 'Point', 'coordinates': [-122.30855, 47.10424]}",BONNEVILLE POWER ADMINISTRATION||CITY OF TACOMA - (WA)||PENINSULA LIGHT COMPANY,53053073131
7SAYGDEEXT,Skagit,Mount Vernon,WA,98274,2026,TESLA,MODEL Y,Battery Electric Vehicle (BEV),Eligibility unknown as battery range has not been researched,0,10,280458139,"{'type': 'Point', 'coordinates': [-122.32295, 48.4152]}",PUGET SOUND ENERGY INC,53057952401
JTJCJMGA0T,Pierce,Fox Island,WA,98333,2026,LEXUS,RX,Plug-in Hybrid Electric Vehicle (PHEV),Clean Alternative Fuel Vehicle Eligible,38,26,291159774,"{'type': 'Point', 'coordinates': [-122.65107, 47.27375]}",BONNEVILLE POWER ADMINISTRATION||CITY OF TACOMA - (WA)||PENINSULA LIGHT COMPANY,53053072410
7SAYGDEEXT,King,Seattle,WA,98144,2026,TESLA,MODEL Y,Battery Electric Vehicle (BEV),Eligibility unknown as battery range has not been researched,0,37,281228069,"{'type': 'Point', 'coordinates': [-122.30866, 47.57874]}",CITY OF SEATTLE - (WA)|CITY OF TACOMA - (WA),53033009400
7SAYGDED8T,Snohomish,Snohomish,WA,98296,2026,TESLA,MODEL Y,Battery Electric Vehicle (BEV),Eligibility unknown as battery range has not been researched,0,1,286464230,"{'type': 'Point', 'coordinates': [-122.1389, 47.87115]}",PUGET SOUND ENERGY INC,53061052108
7SAYGDEEXT,King,Snoqualmie,WA,98065,2026,TESLA,MODEL Y,Battery Electric Vehicle (BEV),Eligibility unknown as battery range has not been researched,0,5,287396882,"{'type': 'Point', 'coordinates': [-121.82432, 47.52716]}",CITY OF TACOMA - (WA)||TANNER ELECTRIC COOP,53033032800
YV4EK3ZK2T,Snohomish,Monroe,WA,98272,2026,VOLVO,EX30,Battery Electric Vehicle (BEV),Eligibility unknown as battery range has not been researched,0,39,291520134,"{'type': 'Point', 'coordinates': [-121.98087, 47.8526]}",BONNEVILLE POWER ADMINISTRATION||PUD 1 OF SNOHOMISH COUNTY,53061052207
7SAYGDEE6T,Pierce,Puyallup,WA,98373,2026,TESLA,MODEL Y,Battery Electric Vehicle (BEV),Eligibility unknown as battery range has not been researched,0,25,290551467,"{'type': 'Point', 'coordinates': [-122.2988, 47.13795]}",PUGET SOUND ENERGY INC||CITY OF TACOMA - (WA),53053071304
W1NKM5GB0T,Spokane,Spokane,WA,99202,2026,MERCEDES-BENZ,GLC-CLASS,Plug-in Hybrid Electric Vehicle (PHEV),Clean Alternative Fuel Vehicle Eligible,54,3,289679526,"{'type': 'Point', 'coordinates': [-117.3797, 47.65548]}",MODERN ELECTRIC WATER COMPANY,53063003100
W1NKM5GBXT,Whatcom,Blaine,WA,98230,2026,MERCEDES-BENZ,GLC-CLASS,Plug-in Hybrid Electric Vehicle (PHEV),Clean Alternative Fuel Vehicle Eligible,54,42,292090277,"{'type': 'Point', 'coordinates': [-122.74823, 48.99405]}",PUGET SOUND ENERGY INC||PUD NO 1 OF WHATCOM COUNTY,53073010405
7SAYGDEE7T,King,Federal Way,WA,98003,2026,TESLA,MODEL Y,Battery Electric Vehicle (BEV),Eligibility unknown as battery range has not been researched,0,30,292653350,"{'type': 'Point', 'coordinates': [-122.3303, 47.30151]}",PUGET SOUND ENERGY INC||CITY OF TACOMA - (WA),53033030403
3GN7DNRR5T,Thurston,Olympia,WA,98501,2026,CHEVROLET,EQUINOX,Battery Electric Vehicle (BEV),Eligibility unknown as battery range has not been researched,0,22,286992667,"{'type': 'Point', 'coordinates': [-122.89165, 47.03954]}",PUGET SOUND ENERGY INC,53067010700
7SAYGDEE6T,Whitman,Pullman,WA,99163,2026,TESLA,MODEL Y,Battery Electric Vehicle (BEV),Eligibility unknown as battery range has not been researched,0,9,282376370,"{'type': 'Point', 'coordinates': [-117.18147, 46.73015]}",AVISTA CORP,53075000300
JTJCJMGA0T,Spokane,Liberty Lake,WA,99019,2026,LEXUS,RX,Plug-in Hybrid Electric Vehicle (PHEV),Clean Alternative Fuel Vehicle Eligible,38,4,289746411,"{'type': 'Point', 'coordinates': [-117.10244, 47.66842]}",BONNEVILLE POWER ADMINISTRATION||AVISTA CORP||INLAND POWER & LIGHT COMPANY,53063013204
5YJ3E1EA9T,Pierce,Puyallup,WA,98372,2026,TESLA,MODEL 3,Battery Electric Vehicle (BEV),Eligibility unknown as battery range has not been researched,0,31,293055787,"{'type': 'Point', 'coordinates': [-122.25646, 47.21259]}",PUGET SOUND ENERGY INC||CITY OF TACOMA - (WA),53053073501
7SAYGDEE0T,Snohomish,Mill Creek,WA,98012,2026,TESLA,MODEL Y,Battery Electric Vehicle (BEV),Eligibility unknown as battery range has not been researched,0,44,286008425,"{'type': 'Point', 'coordinates': [-122.20105, 47.84423]}",PUGET SOUND ENERGY INC,53061052005
7SAYGDEE0T,Whitman,Pullman,WA,99163,2026,TESLA,MODEL Y,Battery Electric Vehicle (BEV),Eligibility unknown as battery range has not been researched,0,9,280569215,"{'type': 'Point', 'coordinates': [-117.18147, 46.73015]}",AVISTA CORP,53075000300
7SAYGDEE8T,King,Seattle,WA,98102,2026,TESLA,MODEL Y,Battery Electric Vehicle (BEV),Eligibility unknown as battery range has not been researched,0,43,283373940,"{'type': 'Point', 'coordinates': [-122.32427, 47.63433]}",CITY OF SEATTLE - (WA)|CITY OF TACOMA - (WA),53033006100
7SAYGDEE7T,Pierce,Bonney Lake,WA,98391,2026,TESLA,MODEL Y,Battery Electric Vehicle (BEV),Eligibility unknown as battery range has not been researched,0,31,284907661,"{'type': 'Point', 'coordinates': [-122.17144, 47.19175]}",PUGET SOUND ENERGY INC||CITY OF TACOMA - (WA),53053070208
5YJ3E1EA8T,Pierce,Puyallup,WA,98373,2026,TESLA,MODEL 3,Battery Electric Vehicle (BEV),Eligibility unknown as battery range has not been researched,0,25,292587025,"{'type': 'Point', 'coordinates': [-122.2988, 47.13795]}",PUGET SOUND ENERGY INC||CITY OF TACOMA - (WA),53053071304
WBY33HG03T,King,Seattle,WA,98144,2026,BMW,I5,Battery Electric Vehicle (BEV),Eligibility unknown as battery range has not been researched,0,37,286008593,"{'type': 'Point', 'coordinates': [-122.30866, 47.57874]}",CITY OF SEATTLE - (WA)|CITY OF TACOMA - (WA),53033010002
7SAYGDEE0T,Kitsap,Port Orchard,WA,98367,2026,TESLA,MODEL Y,Battery Electric Vehicle (BEV),Eligibility unknown as battery range has not been researched,0,26,287250344,"{'type': 'Point', 'coordinates': [-122.68516, 47.50645]}",PUGET SOUND ENERGY INC,53035092101
WBY43HD04T,Snohomish,Lynnwood,WA,98037,2026,BMW,I4,Battery Electric Vehicle (BEV),Eligibility unknown as battery range has not been researched,0,32,292294852,"{'type': 'Point', 'coordinates': [-122.27734, 47.83785]}",PUGET SOUND ENERGY INC,53061051602
7SAYGDEE9T,King,Seattle,WA,98108,2026,TESLA,MODEL Y,Battery Electric Vehicle (BEV),Eligibility unknown as battery range has not been researched,0,11,283103957,"{'type': 'Point', 'coordinates': [-122.31449, 47.53917]}",CITY OF SEATTLE - (WA)|CITY OF TACOMA - (WA),53033011200
YV4H60PF3T,Clark,Ridgefield,WA,98642,2026,VOLVO,XC90,Plug-in Hybrid Electric Vehicle (PHEV),Clean Alternative Fuel Vehicle Eligible,32,18,289433840,"{'type': 'Point', 'coordinates': [-122.74595, 45.81539]}",BONNEVILLE POWER ADMINISTRATION||PUD NO 1 OF CLARK COUNTY - (WA),53011040905
7SAYGDEE5T,King,Seattle,WA,98178,2026,TESLA,MODEL Y,Battery Electric Vehicle (BEV),Eligibility unknown as battery range has not been researched,0,37,294690175,"{'type': 'Point', 'coordinates': [-122.25031, 47.49481]}",PUGET SOUND ENERGY INC||CITY OF TACOMA - (WA),53033026101
7SAYGDEE2T,King,Black Diamond,WA,98010,2026,TESLA,MODEL Y,Battery Electric Vehicle (BEV),Eligibility unknown as battery range has not been researched,0,5,292881361,"{'type': 'Point', 'coordinates': [-122.00143, 47.30893]}",PUGET SOUND ENERGY INC||CITY OF TACOMA - (WA),53033031603
7SAYGDEE0T,Pierce,Gig Harbor,WA,98332,2026,TESLA,MODEL Y,Battery Electric Vehicle (BEV),Eligibility unknown as battery range has not been researched,0,26,290188286,"{'type': 'Point', 'coordinates': [-122.58965, 47.34235]}",BONNEVILLE POWER ADMINISTRATION||CITY OF TACOMA - (WA)||PENINSULA LIGHT COMPANY,53053072504
KM8JFDD29T,Whatcom,Bellingham,WA,98226,2026,HYUNDAI,TUCSON,Plug-in Hybrid Electric Vehicle (PHEV),Clean Alternative Fuel Vehicle Eligible,32,40,287471334,"{'type': 'Point', 'coordinates': [-122.49756, 48.7999]}",PUGET SOUND ENERGY INC||PUD NO 1 OF WHATCOM COUNTY,53073000804
7SAYGDEEXT,King,Redmond,WA,98053,2026,TESLA,MODEL Y,Battery Electric Vehicle (BEV),Eligibility unknown as battery range has not been researched,0,45,287960431,"{'type': 'Point', 'coordinates': [-122.03287, 47.68555]}",PUGET SOUND ENERGY INC||CITY OF TACOMA - (WA),53033032332
7SAYGDED2T,Pierce,Bonney Lake,WA,98391,2026,TESLA,MODEL Y,Battery Electric Vehicle (BEV),Eligibility unknown as battery range has not been researched,0,31,288480419,"{'type': 'Point', 'coordinates': [-122.17144, 47.19175]}",PUGET SOUND ENERGY INC||CITY OF TACOMA - (WA),53053070208
7SAYGDED8T,Snohomish,Snohomish,WA,98296,2026,TESLA,MODEL Y,Battery Electric Vehicle (BEV),Eligibility unknown as battery range has not been researched,0,44,287746553,"{'type': 'Point', 'coordinates': [-122.1389, 47.87115]}",PUGET SOUND ENERGY INC,53061052008
7SAYGDEE3T,Whatcom,Blaine,WA,98230,2026,TESLA,MODEL Y,Battery Electric Vehicle (BEV),Eligibility unknown as battery range has not been researched,0,42,286457139,"{'type': 'Point', 'coordinates': [-122.74823, 48.99405]}",PUGET SOUND ENERGY INC||PUD NO 1 OF WHATCOM COUNTY,53073010405
7SAYGDEE0T,Thurston,Lacey,WA,98503,2026,TESLA,MODEL Y,Battery Electric Vehicle (BEV),Eligibility unknown as battery range has not been researched,0,22,283341964,"{'type': 'Point', 'coordinates': [-122.82324, 47.04437]}",PUGET SOUND ENERGY INC,53067011628
3FMTK4SX6T,King,Bellevue,WA,98005,2026,FORD,MUSTANG MACH-E,Battery Electric Vehicle (BEV),Eligibility unknown as battery range has not been researched,0,41,290196658,"{'type': 'Point', 'coordinates': [-122.1621, 47.64441]}",PUGET SOUND ENERGY INC||CITY OF TACOMA - (WA),53033023601
WB553CF06T,King,Seattle,WA,98106,2026,BMW,IX,Battery Electric Vehicle (BEV),Eligibility unknown as battery range has not been researched,0,34,281831798,"{'type': 'Point', 'coordinates': [-122.35163, 47.54287]}",CITY OF SEATTLE - (WA)|CITY OF TACOMA - (WA),53033010800
7SAYGDEE3T,Spokane,Spokane,WA,99217,2026,TESLA,MODEL Y,Battery Electric Vehicle (BEV),Eligibility unknown as battery range has not been researched,0,4,291331050,"{'type': 'Point', 'coordinates': [-117.35298, 47.70433]}",BONNEVILLE POWER ADMINISTRATION||INLAND POWER & LIGHT COMPANY,53063011302
JTJHKCFZ0T,Skagit,Sedro-Woolley,WA,98284,2026,LEXUS,NX,Plug-in Hybrid Electric Vehicle (PHEV),Clean Alternative Fuel Vehicle Eligible,37,39,288006428,"{'type': 'Point', 'coordinates': [-122.23857, 48.50879]}",PUGET SOUND ENERGY INC,53057951503
KNDCR3L18T,Kitsap,Bainbridge Island,WA,98110,2026,KIA,NIRO,Battery Electric Vehicle (BEV),Eligibility unknown as battery range has not been researched,0,23,293180793,"{'type': 'Point', 'coordinates': [-122.521, 47.62759]}",PUGET SOUND ENERGY INC,53035090902
7SAXCAE5XT,King,Bellevue,WA,98006,2026,TESLA,MODEL X,Battery Electric Vehicle (BEV),Eligibility unknown as battery range has not been researched,0,41,292123947,"{'type': 'Point', 'coordinates': [-122.12096, 47.55584]}",PUGET SOUND ENERGY INC||CITY OF TACOMA - (WA),53033024800
7SAYGDEEXT,Pierce,Gig Harbor,WA,98335,2026,TESLA,MODEL Y,Battery Electric Vehicle (BEV),Eligibility unknown as battery range has not been researched,0,26,293640140,"{'type': 'Point', 'coordinates': [-122.58009, 47.328]}",BONNEVILLE POWER ADMINISTRATION||CITY OF TACOMA - (WA)||PENINSULA LIGHT COMPANY,53053072507
5YJSA1E6XT,Snohomish,Mountlake Terrace,WA,98043,2026,TESLA,MODEL S,Battery Electric Vehicle (BEV),Eligibility unknown as battery range has not been researched,0,32,288088699,"{'type': 'Point', 'coordinates': [-122.31111, 47.78803]}",PUGET SOUND ENERGY INC,53061051000
JTDACACU1T,Grays Harbor,Aberdeen,WA,98520,2026,TOYOTA,PRIUS PRIME (PHEV),Plug-in Hybrid Electric Vehicle (PHEV),Clean Alternative Fuel Vehicle Eligible,44,19,288305034,"{'type': 'Point', 'coordinates': [-123.81619, 46.97606]}",BONNEVILLE POWER ADMINISTRATION||PUD NO 1 OF GRAYS HARBOR COUNTY,53027000900
7SAYGDEE4T,Snohomish,Bothell,WA,98012,2026,TESLA,MODEL Y,Battery Electric Vehicle (BEV),Eligibility unknown as battery range has not been researched,0,21,290548058,"{'type': 'Point', 'coordinates': [-122.20105, 47.84423]}",PUGET SOUND ENERGY INC,53061051927
WB543CF03T,Snohomish,Edmonds,WA,98026,2026,BMW,IX,Battery Electric Vehicle (BEV),Eligibility unknown as battery range has not been researched,0,21,291995378,"{'type': 'Point', 'coordinates': [-122.31768, 47.87166]}",PUGET SOUND ENERGY INC,53061050200
JTMBDAFC5T,Whatcom,Bellingham,WA,98229,2026,SUBARU,SOLTERRA,Battery Electric Vehicle (BEV),Eligibility unknown as battery range has not been researched,0,40,291378307,"{'type': 'Point', 'coordinates': [-122.45486, 48.7449]}",PUGET SOUND ENERGY INC||PUD NO 1 OF WHATCOM COUNTY,53073000808
WBY73HD00T,Yakima,Yakima,WA,98902,2026,BMW,I4,Battery Electric Vehicle (BEV),Eligibility unknown as battery range has not been researched,0,14,293914792,"{'type': 'Point', 'coordinates': [-120.51904, 46.59782]}",PACIFICORP,53077000500
7SAYGDEE6T,King,Redmond,WA,98052,2026,TESLA,MODEL Y,Battery Electric Vehicle (BEV),Eligibility unknown as battery range has not been researched,0,48,286102001,"{'type': 'Point', 'coordinates': [-122.13158, 47.67858]}",PUGET SOUND ENERGY INC||CITY OF TACOMA - (WA),53033032331
7SAYGDED8T,Snohomish,Marysville,WA,98270,2026,TESLA,MODEL Y,Battery Electric Vehicle (BEV),Eligibility unknown as battery range has not been researched,0,44,290127568,"{'type': 'Point', 'coordinates': [-122.1769, 48.06114]}",PUGET SOUND ENERGY INC,53061052711
WB543CF06T,King,Bellevue,WA,98006,2026,BMW,IX,Battery Electric Vehicle (BEV),Eligibility unknown as battery range has not been researched,0,41,286483907,"{'type': 'Point', 'coordinates': [-122.12096, 47.55584]}",PUGET SOUND ENERGY INC||CITY OF TACOMA - (WA),53033025007
7SAYGDED0T,Pierce,Gig Harbor,WA,98335,2026,TESLA,MODEL Y,Battery Electric Vehicle (BEV),Eligibility unknown as battery range has not been researched,0,26,284509165,"{'type': 'Point', 'coordinates': [-122.58009, 47.328]}",BONNEVILLE POWER ADMINISTRATION||CITY OF TACOMA - (WA)||PENINSULA LIGHT COMPANY,53053072408
5YJ3E1EA8T,Clark,Vancouver,WA,98685,2026,TESLA,MODEL 3,Battery Electric Vehicle (BEV),Eligibility unknown as battery range has not been researched,0,18,291927471,"{'type': 'Point', 'coordinates': [-122.70303, 45.70954]}",BONNEVILLE POWER ADMINISTRATION||PUD NO 1 OF CLARK COUNTY - (WA),53011040910
5YJ3E1EA0T,Snohomish,Mountlake Terrace,WA,98043,2026,TESLA,MODEL 3,Battery Electric Vehicle (BEV),Eligibility unknown as battery range has not been researched,0,32,292346778,"{'type': 'Point', 'coordinates': [-122.31111, 47.78803]}",PUGET SOUND ENERGY INC,53061051000
7SAYGDEE4T,King,Redmond,WA,98052,2026,TESLA,MODEL Y,Battery Electric Vehicle (BEV),Eligibility unknown as battery range has not been researched,0,48,283254457,"{'type': 'Point', 'coordinates': [-122.13158, 47.67858]}",PUGET SOUND ENERGY INC||CITY OF TACOMA - (WA),53033032313
7SAYGDEE0T,Spokane,Spokane,WA,99217,2026,TESLA,MODEL Y,Battery Electric Vehicle (BEV),Eligibility unknown as battery range has not been researched,0,4,291216306,"{'type': 'Point', 'coordinates': [-117.35298, 47.70433]}",BONNEVILLE POWER ADMINISTRATION||VERA IRRIGATION DISTRICT #15,53063011302
7SAYGDEE4T,Pierce,Tacoma,WA,98445,2026,TESLA,MODEL Y,Battery Electric Vehicle (BEV),Eligibility unknown as battery range has not been researched,0,29,284033452,"{'type': 'Point', 'coordinates': [-122.40872, 47.16568]}",BONNEVILLE POWER ADMINISTRATION||CITY OF TACOMA - (WA)||ELMHURST MUTUAL POWER & LIGHT CO|PENINSULA LIGHT COMPANY,53053071408
WBY73HD06T,King,Seattle,WA,98103,2026,BMW,I4,Battery Electric Vehicle (BEV),Eligibility unknown as battery range has not been researched,0,46,293096401,"{'type': 'Point', 'coordinates': [-122.35436, 47.67596]}",CITY OF SEATTLE - (WA)|CITY OF TACOMA - (WA),53033001800
7SAYGDEE9T,Snohomish,Bothell,WA,98012,2026,TESLA,MODEL Y,Battery Electric Vehicle (BEV),Eligibility unknown as battery range has not been researched,0,21,294487161,"{'type': 'Point', 'coordinates': [-122.20105, 47.84423]}",PUGET SOUND ENERGY INC,53061051927
7SAYGDEE9T,Snohomish,Bothell,WA,98021,2026,TESLA,MODEL Y,Battery Electric Vehicle (BEV),Eligibility unknown as battery range has not been researched,0,1,286055423,"{'type': 'Point', 'coordinates': [-122.18384, 47.8031]}",PUGET SOUND ENERGY INC,53061051918
7PDSGCBA5T,Kittitas,Easton,WA,98925,2026,RIVIAN,R1S,Battery Electric Vehicle (BEV),Eligibility unknown as battery range has not been researched,0,13,287718476,"{'type': 'Point', 'coordinates': [-121.17954, 47.2378]}",PUGET SOUND ENERGY INC,53037975101
5XYAEFS52T,Pierce,South Hill,WA,98375,2026,KIA,EV9,Battery Electric Vehicle (BEV),Eligibility unknown as battery range has not been researched,0,2,283063483,"{'type': 'Point', 'coordinates': [-122.30855, 47.10424]}",BONNEVILLE POWER ADMINISTRATION||CITY OF TACOMA - (WA)||PENINSULA LIGHT COMPANY,53053073126
7SAYGDEE2T,Spokane,Spokane,WA,99217,2026,TESLA,MODEL Y,Battery Electric Vehicle (BEV),Eligibility unknown as battery range has not been researched,0,4,291845858,"{'type': 'Point', 'coordinates': [-117.35298, 47.70433]}",BONNEVILLE POWER ADMINISTRATION||VERA IRRIGATION DISTRICT #15,53063011302
JTDACACU2T,Skagit,Burlington,WA,98233,2026,TOYOTA,PRIUS PRIME (PHEV),Plug-in Hybrid Electric Vehicle (PHEV),Clean Alternative Fuel Vehicle Eligible,44,40,293033632,"{'type': 'Point', 'coordinates': [-122.33029, 48.46846]}",PUGET SOUND ENERGY INC,53057951800
5XYADFS51T,King,Woodinville,WA,98072,2026,KIA,EV9,Battery Electric Vehicle (BEV),Eligibility unknown as battery range has not been researched,0,45,288063989,"{'type': 'Point', 'coordinates': [-122.15545, 47.75448]}",PUGET SOUND ENERGY INC||CITY OF TACOMA - (WA),53033032311
JTDACACU8T,Thurston,Olympia,WA,98513,2026,TOYOTA,PRIUS PRIME (PHEV),Plug-in Hybrid Electric Vehicle (PHEV),Clean Alternative Fuel Vehicle Eligible,44,2,291873452,"{'type': 'Point', 'coordinates': [-122.80933, 46.99531]}",PUGET SOUND ENERGY INC,53067012331
5YJ3E1EB5T,Spokane,Spokane,WA,99208,2026,TESLA,MODEL 3,Battery Electric Vehicle (BEV),Eligibility unknown as battery range has not been researched,0,6,288794677,"{'type': 'Point', 'coordinates': [-117.45005, 47.7333]}",BONNEVILLE POWER ADMINISTRATION||AVISTA CORP||INLAND POWER & LIGHT COMPANY,53063010702
7SAYGDET3T,Chelan,Chelan,WA,98816,2026,TESLA,MODEL Y,Battery Electric Vehicle (BEV),Eligibility unknown as battery range has not been researched,0,12,293207365,"{'type': 'Point', 'coordinates': [-120.01454, 47.83985]}",PUD NO 1 OF CHELAN COUNTY,53007960303
7G2CEHEE7T,Yakima,Yakima,WA,98908,2026,TESLA,CYBERTRUCK,Battery Electric Vehicle (BEV),Eligibility unknown as battery range has not been researched,0,14,294021948,"{'type': 'Point', 'coordinates': [-120.60272, 46.59656]}",PACIFICORP,53077000402
JTM7ERAV3T,Grant,Quincy,WA,98848,2026,TOYOTA,RAV4 PRIME (PHEV),Plug-in Hybrid Electric Vehicle (PHEV),Clean Alternative Fuel Vehicle Eligible,52,13,293341597,"{'type': 'Point', 'coordinates': [-119.85338, 47.23748]}",PUD NO 2 OF GRANT COUNTY,53025010600
7SAYGDEE5T,Snohomish,Lake Stevens,WA,98258,2026,TESLA,MODEL Y,Battery Electric Vehicle (BEV),Eligibility unknown as battery range has not been researched,0,44,292102667,"{'type': 'Point', 'coordinates': [-122.06402, 48.01497]}",PUGET SOUND ENERGY INC,53061052607
5YJ3E1EA7T,King,Redmond,WA,98053,2026,TESLA,MODEL 3,Battery Electric Vehicle (BEV),Eligibility unknown as battery range has not been researched,0,45,293177748,"{'type': 'Point', 'coordinates': [-122.03287, 47.68555]}",PUGET SOUND ENERGY INC||CITY OF TACOMA - (WA),53033032333
7SAYGDEE3T,Pacific,Ilwaco,WA,98624,2026,TESLA,MODEL Y,Battery Electric Vehicle (BEV),Eligibility unknown as battery range has not been researched,0,19,288251708,"{'type': 'Point', 'coordinates': [-124.0358, 46.30881]}",BONNEVILLE POWER ADMINISTRATION||PUD NO 2 OF PACIFIC COUNTY,53049950502
7SAYGDED1T,King,Kent,WA,98042,2026,TESLA,MODEL Y,Battery Electric Vehicle (BEV),Eligibility unknown as battery range has not been researched,0,47,283225407,"{'type': 'Point', 'coordinates': [-122.10798, 47.37124]}",PUGET SOUND ENERGY INC||CITY OF TACOMA - (WA),53033031704
5UX43EU07T,King,Woodinville,WA,98072,2026,BMW,X5,Plug-in Hybrid Electric Vehicle (PHEV),Clean Alternative Fuel Vehicle Eligible,38,45,287455129,"{'type': 'Point', 'coordinates': [-122.15545, 47.75448]}",PUGET SOUND ENERGY INC||CITY OF TACOMA - (WA),53033032311
3GPKHZRJ4T,Snohomish,Marysville,WA,98270,2026,HONDA,PROLOGUE,Battery Electric Vehicle (BEV),Eligibility unknown as battery range has not been researched,0,38,291759730,"{'type': 'Point', 'coordinates': [-122.1769, 48.06114]}",PUGET SOUND ENERGY INC,53061052904
JTMAAAAE1T,Pierce,Steilacoom,WA,98388,2026,SUBARU,UNCHARTED,Battery Electric Vehicle (BEV),Eligibility unknown as battery range has not been researched,0,28,294299001,"{'type': 'Point', 'coordinates': [-122.59802, 47.17303]}",BONNEVILLE POWER ADMINISTRATION||TOWN OF STEILACOOM|CITY OF TACOMA - (WA)||PENINSULA LIGHT COMPANY,53053072109
7SAYGDED8T,King,Newcastle,WA,98056,2026,TESLA,MODEL Y,Battery Electric Vehicle (BEV),Eligibility unknown as battery range has not been researched,0,41,285392579,"{'type': 'Point', 'coordinates': [-122.18839, 47.51197]}",PUGET SOUND ENERGY INC||CITY OF TACOMA - (WA),53033024703
5YJ3E1ET3T,Thurston,Lacey,WA,98503,2026,TESLA,MODEL 3,Battery Electric Vehicle (BEV),Eligibility unknown as battery range has not been researched,0,22,292374351,"{'type': 'Point', 'coordinates': [-122.82324, 47.04437]}",PUGET SOUND ENERGY INC,53067011200
JTJBCACB0T,Pierce,Edgewood,WA,98371,2026,LEXUS,RZ,Battery Electric Vehicle (BEV),Eligibility unknown as battery range has not been researched,0,31,289740363,"{'type': 'Point', 'coordinates': [-122.29521, 47.19045]}",PUGET SOUND ENERGY INC||CITY OF TACOMA - (WA),53053940009
7SAYGDEE5T,King,Redmond,WA,98052,2026,TESLA,MODEL Y,Battery Electric Vehicle (BEV),Eligibility unknown as battery range has not been researched,0,48,293633784,"{'type': 'Point', 'coordinates': [-122.13158, 47.67858]}",PUGET SOUND ENERGY INC||CITY OF TACOMA - (WA),53033032331
7SAYGDEE3T,Clark,Vancouver,WA,98684,2026,TESLA,MODEL Y,Battery Electric Vehicle (BEV),Eligibility unknown as battery range has not been researched,0,17,283155610,"{'type': 'Point', 'coordinates': [-122.48723, 45.63701]}",BONNEVILLE POWER ADMINISTRATION||PUD NO 1 OF CLARK COUNTY - (WA),53011041322
YV4H60PFXT,King,Kirkland,WA,98033,2026,VOLVO,XC90,Plug-in Hybrid Electric Vehicle (PHEV),Clean Alternative Fuel Vehicle Eligible,32,45,286660517,"{'type': 'Point', 'coordinates': [-122.2066, 47.67887]}",PUGET SOUND ENERGY INC||CITY OF TACOMA - (WA),53033022401
7SAYGDEE7T,Thurston,Olympia,WA,98502,2026,TESLA,MODEL Y,Battery Electric Vehicle (BEV),Eligibility unknown as battery range has not been researched,0,22,287565449,"{'type': 'Point', 'coordinates': [-122.92018, 47.04575]}",PUGET SOUND ENERGY INC,53067012002
7SAYGDED8T,King,Bothell,WA,98011,2026,TESLA,MODEL Y,Battery Electric Vehicle (BEV),Eligibility unknown as battery range has not been researched,0,1,284849099,"{'type': 'Point', 'coordinates': [-122.20563, 47.76144]}",PUGET SOUND ENERGY INC||CITY OF TACOMA - (WA),53033021802
JTJBCACB5T,King,Seattle,WA,98118,2026,LEXUS,RZ,Battery Electric Vehicle (BEV),Eligibility unknown as battery range has not been researched,0,37,292316356,"{'type': 'Point', 'coordinates': [-122.28083, 47.54693]}",CITY OF SEATTLE - (WA)|CITY OF TACOMA - (WA),53033011001
7SAYGDEE3T,King,Seattle,WA,98116,2026,TESLA,MODEL Y,Battery Electric Vehicle (BEV),Eligibility unknown as battery range has not been researched,0,34,280021129,"{'type': 'Point', 'coordinates': [-122.41067, 47.57894]}",CITY OF SEATTLE - (WA)|CITY OF TACOMA - (WA),53033010502
7G2CEHED1T,King,Bellevue,WA,98004,2026,TESLA,CYBERTRUCK,Battery Electric Vehicle (BEV),Eligibility unknown as battery range has not been researched,0,48,291113287,"{'type': 'Point', 'coordinates': [-122.1872, 47.61001]}",PUGET SOUND ENERGY INC||CITY OF TACOMA - (WA),53033024001
7SAYGDEE4T,Snohomish,Everett,WA,98208,2026,TESLA,MODEL Y,Battery Electric Vehicle (BEV),Eligibility unknown as battery range has not been researched,0,38,292636984,"{'type': 'Point', 'coordinates': [-122.18637, 47.89251]}",PUGET SOUND ENERGY INC,53061041805
7G2CEHEE9T,King,Carnation,WA,98014,2026,TESLA,CYBERTRUCK,Battery Electric Vehicle (BEV),Eligibility unknown as battery range has not been researched,0,5,294948895,"{'type': 'Point', 'coordinates': [-121.91353, 47.64901]}",PUGET SOUND ENERGY INC||CITY OF TACOMA - (WA),53033032500
7SAYGDEE6T,King,Redmond,WA,98052,2026,TESLA,MODEL Y,Battery Electric Vehicle (BEV),Eligibility unknown as battery range has not been researched,0,48,295649812,"{'type': 'Point', 'coordinates': [-122.13158, 47.67858]}",PUGET SOUND ENERGY INC||CITY OF TACOMA - (WA),53033032313
7SAYGDEE0T,Spokane,Spokane,WA,99208,2026,TESLA,MODEL Y,Battery Electric Vehicle (BEV),Eligibility unknown as battery range has not been researched,0,6,283173838,"{'type': 'Point', 'coordinates': [-117.45005, 47.7333]}",BONNEVILLE POWER ADMINISTRATION||AVISTA CORP||INLAND POWER & LIGHT COMPANY,53063010702
JTMBCAEB5T,Snohomish,Monroe,WA,98272,2026,TOYOTA,BZ,Battery Electric Vehicle (BEV),Eligibility unknown as battery range has not been researched,0,39,287858756,"{'type': 'Point', 'coordinates': [-121.98087, 47.8526]}",PUGET SOUND ENERGY INC,53061052203
3GN7DMRP4T,Pierce,Lakewood,WA,98499,2026,CHEVROLET,EQUINOX,Battery Electric Vehicle (BEV),Eligibility unknown as battery range has not been researched,0,29,290678223,"{'type': 'Point', 'coordinates': [-122.51495, 47.16196]}",BONNEVILLE POWER ADMINISTRATION||CITY OF TACOMA - (WA)||PENINSULA LIGHT COMPANY,53053071803
5XYAFFS50T,Snohomish,Bothell,WA,98021,2026,KIA,EV9,Battery Electric Vehicle (BEV),Eligibility unknown as battery range has not been researched,0,1,286618489,"{'type': 'Point', 'coordinates': [-122.18384, 47.8031]}",PUGET SOUND ENERGY INC,53061051922
7G2CEHED4T,Douglas,Palisades,WA,98845,2026,TESLA,CYBERTRUCK,Battery Electric Vehicle (BEV),Eligibility unknown as battery range has not been researched,0,12,290352436,"{'type': 'Point', 'coordinates': [-119.9176, 47.41492]}",PUD NO 1 OF DOUGLAS COUNTY,53017950200
7SAYGDEE6T,King,Seattle,WA,98178,2026,TESLA,MODEL Y,Battery Electric Vehicle (BEV),Eligibility unknown as battery range has not been researched,0,37,280299939,"{'type': 'Point', 'coordinates': [-122.25031, 47.49481]}",PUGET SOUND ENERGY INC||CITY OF TACOMA - (WA),53033026001
7SAYGDED3T,Snohomish,Bothell,WA,98021,2026,TESLA,MODEL Y,Battery Electric Vehicle (BEV),Eligibility unknown as battery range has not been researched,0,1,285284499,"{'type': 'Point', 'coordinates': [-122.18384, 47.8031]}",PUGET SOUND ENERGY INC,53061051937
7SAYGDEE8T,Kitsap,Bremerton,WA,98311,2026,TESLA,MODEL Y,Battery Electric Vehicle (BEV),Eligibility unknown as battery range has not been researched,0,23,292178869,"{'type': 'Point', 'coordinates': [-122.61158, 47.62691]}",PUGET SOUND ENERGY INC,53035091204
7SAYGDEE9T,Pierce,Graham,WA,98338,2026,TESLA,MODEL Y,Battery Electric Vehicle (BEV),Eligibility unknown as battery range has not been researched,0,2,292349466,"{'type': 'Point', 'coordinates': [-122.29477, 47.05703]}",PUGET SOUND ENERGY INC||CITY OF TACOMA - (WA),53053073130
7SAYGDEE3T,Pierce,Bonney Lake,WA,98391,2026,TESLA,MODEL Y,Battery Electric Vehicle (BEV),Eligibility unknown as battery range has not been researched,0,31,285278773,"{'type': 'Point', 'coordinates': [-122.17144, 47.19175]}",PUGET SOUND ENERGY INC||CITY OF TACOMA - (WA),53053070208
7SAYGDEE4T,Clark,Vancouver,WA,98682,2026,TESLA,MODEL Y,Battery Electric Vehicle (BEV),Eligibility unknown as battery range has not been researched,0,17,283090223,"{'type': 'Point', 'coordinates': [-122.55149, 45.69345]}",BONNEVILLE POWER ADMINISTRATION||PUD NO 1 OF CLARK COUNTY - (WA),53011040713
7FCTGCAA3T,Whatcom,Bellingham,WA,98226,2026,RIVIAN,R1T,Battery Electric Vehicle (BEV),Eligibility unknown as battery range has not been researched,0,40,291092056,"{'type': 'Point', 'coordinates': [-122.49756, 48.7999]}",PUGET SOUND ENERGY INC||PUD NO 1 OF WHATCOM COUNTY,53073000804
